,sentiment_score,impact_score,relevance_score,confidence,short_term_score,medium_term_score,sentiment_momentum,sentiment_volatility,sentiment_trend
sentiment_score,1.0,0.9921048097054134,0.18101338481389448,-0.05415271974014271,0.6550753466482336,0.40165477496586954,0.5712317741672511,-0.08600019539570143,0.24804491067344148
impact_score,0.9921048097054134,1.0,0.1727029678380054,-0.05367252926645599,0.6504514178337629,0.39855295565817167,0.5676489195196694,-0.08362319092144213,0.25166320700355893
relevance_score,0.18101338481389448,0.1727029678380054,1.0,-0.035049009893174304,0.20733329146008111,0.2786144039713871,0.03452742632850578,-0.10393563530227534,0.03273280656025826
confidence,-0.05415271974014271,-0.05367252926645599,-0.035049009893174304,1.0,-0.04952164884036496,-0.06211616833641634,-0.019066613829136117,0.2206663287926557,-0.02820241424574157
short_term_score,0.6550753466482336,0.6504514178337629,0.20733329146008111,-0.04952164884036496,1.0,0.6289882345108218,0.399857028165658,-0.13993777149418402,0.3444837628450549
medium_term_score,0.40165477496586954,0.39855295565817167,0.2786144039713871,-0.06211616833641634,0.6289882345108218,1.0,0.052615094216155206,-0.17006330899258437,0.3362059190977517
sentiment_momentum,0.5712317741672511,0.5676489195196694,0.03452742632850578,-0.019066613829136117,0.399857028165658,0.052615094216155206,1.0,0.006857495885062398,0.10646940884115694
sentiment_volatility,-0.08600019539570143,-0.08362319092144213,-0.10393563530227534,0.2206663287926557,-0.13993777149418402,-0.17006330899258437,0.006857495885062398,1.0,-0.03400527598996101
sentiment_trend,0.24804491067344148,0.25166320700355893,0.03273280656025826,-0.02820241424574157,0.3444837628450549,0.3362059190977517,0.10646940884115694,-0.03400527598996101,1.0
