Date,AAPL
2013-07-10,12.933206558227539
2013-07-11,13.13486099243164
2013-07-12,13.110884666442871
2013-07-15,13.139474868774414
2013-07-16,13.224313735961914
2013-07-17,13.227691650390625
2013-07-18,13.272266387939453
2013-07-19,13.062928199768066
2013-07-22,13.104736328125
2013-07-23,12.879725456237793
2013-07-24,13.541243553161621
2013-07-25,13.479455947875977
2013-07-26,13.55599594116211
2013-07-29,13.765033721923828
2013-07-30,13.935023307800293
2013-07-31,13.91073989868164
2013-08-01,14.038308143615723
2013-08-02,14.218449592590332
2013-08-05,14.430856704711914
2013-08-06,14.301751136779785
2013-08-07,14.293448448181152
2013-08-08,14.264982223510742
2013-08-09,14.061997413635254
2013-08-12,14.461470603942871
2013-08-13,15.148713111877441
2013-08-14,15.425034523010254
2013-08-15,15.40677547454834
2013-08-16,15.543542861938477
2013-08-19,15.710943222045898
2013-08-20,15.504559516906738
2013-08-21,15.544472694396973
2013-08-22,15.563031196594238
2013-08-23,15.503005981445312
2013-08-26,15.56334400177002
2013-08-27,15.118386268615723
2013-08-28,15.189862251281738
2013-08-29,15.21462631225586
2013-08-30,15.075996398925781
2013-09-03,15.11807632446289
2013-09-04,15.43091106414795
2013-09-05,15.325081825256348
2013-09-06,15.416361808776855
2013-09-09,15.66236400604248
2013-09-10,15.30559253692627
2013-09-11,14.47230052947998
2013-09-12,14.626396179199219
2013-09-13,14.38535213470459
2013-09-16,13.928011894226074
2013-09-17,14.088916778564453
2013-09-18,14.37854290008545
2013-09-19,14.614328384399414
2013-09-20,14.463018417358398
2013-09-23,15.181818962097168
2013-09-24,15.134172439575195
2013-09-25,14.899921417236328
2013-09-26,15.045052528381348
2013-09-27,14.937681198120117
2013-09-30,14.752022743225098
2013-10-01,15.098896980285645
2013-10-02,15.148401260375977
2013-10-03,14.95810317993164
2013-10-04,14.946342468261719
2013-10-07,15.092394828796387
2013-10-08,14.881674766540527
2013-10-09,15.056502342224121
2013-10-10,15.150875091552734
2013-10-11,15.248963356018066
2013-10-14,15.348912239074707
2013-10-15,15.430598258972168
2013-10-16,15.505797386169434
2013-10-17,15.610687255859375
2013-10-18,15.746532440185547
2013-10-21,16.132387161254883
2013-10-22,16.086284637451172
2013-10-23,16.243778228759766
2013-10-24,16.458824157714844
2013-10-25,16.27472686767578
2013-10-28,16.39601707458496
2013-10-29,15.987571716308594
2013-10-30,16.241926193237305
2013-10-31,16.173852920532227
2013-11-01,16.091232299804688
2013-11-04,16.29916763305664
2013-11-05,16.258943557739258
2013-11-06,16.2128849029541
2013-11-07,15.950508117675781
2013-11-08,16.201675415039062
2013-11-11,16.154680252075195
2013-11-12,16.18456268310547
2013-11-13,16.203859329223633
2013-11-14,16.438209533691406
2013-11-15,16.339555740356445
2013-11-18,16.141597747802734
2013-11-19,16.17024040222168
2013-11-20,16.028623580932617
2013-11-21,16.219722747802734
2013-11-22,16.17801856994629
2013-11-25,16.3006534576416
2013-11-26,16.601306915283203
2013-11-27,16.992212295532227
2013-11-29,17.306875228881836
2013-12-02,17.156232833862305
2013-12-03,17.625885009765625
2013-12-04,17.584808349609375
2013-12-05,17.67506217956543
2013-12-06,17.429807662963867
2013-12-09,17.629316329956055
2013-12-10,17.601917266845703
2013-12-11,17.471515655517578
2013-12-12,17.445995330810547
2013-12-13,17.255826950073242
2013-12-16,17.351377487182617
2013-12-17,17.27325439453125
2013-12-18,17.14192008972168
2013-12-19,16.945524215698242
2013-12-20,17.087448120117188
2013-12-23,17.743227005004883
2013-12-24,17.667909622192383
2013-12-26,17.550573348999023
2013-12-27,17.431995391845703
2013-12-30,17.258634567260742
2013-12-31,17.460933685302734
2014-01-02,17.215370178222656
2014-01-03,16.837217330932617
2014-01-06,16.92902946472168
2014-01-07,16.807960510253906
2014-01-08,16.91440200805664
2014-01-09,16.698408126831055
2014-01-10,16.586986541748047
2014-01-13,16.67382049560547
2014-01-14,17.005598068237305
2014-01-15,17.347015380859375
2014-01-16,17.250226974487305
2014-01-17,16.82757568359375
2014-01-21,17.089008331298828
2014-01-22,17.16495704650879
2014-01-23,17.310293197631836
2014-01-24,16.99563980102539
2014-01-27,17.133514404296875
2014-01-28,15.764077186584473
2014-01-29,15.58512020111084
2014-01-30,15.55492877960205
2014-01-31,15.580446243286133
2014-02-03,15.609396934509277
2014-02-04,15.835350036621094
2014-02-05,15.95362663269043
2014-02-06,16.046613693237305
2014-02-07,16.271102905273438
2014-02-10,16.562602996826172
2014-02-11,16.78083038330078
2014-02-12,16.77957534790039
2014-02-13,17.046022415161133
2014-02-14,17.03224754333496
2014-02-18,17.09486198425293
2014-02-19,16.82497215270996
2014-02-20,16.630226135253906
2014-02-21,16.44549560546875
2014-02-24,16.51750946044922
2014-02-25,16.34562110900879
2014-02-26,16.198150634765625
2014-02-27,16.52126693725586
2014-02-28,16.47649383544922
2014-03-03,16.524091720581055
2014-03-04,16.633045196533203
2014-03-05,16.66811180114746
2014-03-06,16.61770248413086
2014-03-07,16.607999801635742
2014-03-10,16.623029708862305
2014-03-11,16.784894943237305
2014-03-12,16.801179885864258
2014-03-13,16.614574432373047
2014-03-14,16.427961349487305
2014-03-17,16.49214744567871
2014-03-18,16.638050079345703
2014-03-19,16.633670806884766
2014-03-20,16.553516387939453
2014-03-21,16.684078216552734
2014-03-24,16.881954193115234
2014-03-25,17.063556671142578
2014-03-26,16.90043067932129
2014-03-27,16.827789306640625
2014-03-28,16.809011459350586
2014-03-31,16.805252075195312
2014-04-01,16.958986282348633
2014-04-02,16.98716163635254
2014-04-03,16.869436264038086
2014-04-04,16.651208877563477
2014-04-07,16.389760971069336
2014-04-08,16.388830184936523
2014-04-09,16.60424041748047
2014-04-10,16.39008140563965
2014-04-11,16.26890754699707
2014-04-14,16.33371925354004
2014-04-15,16.217247009277344
2014-04-16,16.250123977661133
2014-04-17,16.435794830322266
2014-04-21,16.6308536529541
2014-04-22,16.647449493408203
2014-04-23,16.42984962463379
2014-04-24,17.77679443359375
2014-04-25,17.90736198425293
2014-04-28,18.600868225097656
2014-04-29,18.545766830444336
2014-04-30,18.475627899169922
2014-05-01,18.519145965576172
2014-05-02,18.553592681884766
2014-05-05,18.81597328186035
2014-05-06,18.61088752746582
2014-05-07,18.545766830444336
2014-05-08,18.5127010345459
2014-05-09,18.43557357788086
2014-05-12,18.665088653564453
2014-05-13,18.694368362426758
2014-05-14,18.697837829589844
2014-05-15,18.53883934020996
2014-05-16,18.812437057495117
2014-05-19,19.035350799560547
2014-05-20,19.039133071899414
2014-05-21,19.089500427246094
2014-05-22,19.119731903076172
2014-05-23,19.33571434020996
2014-05-27,19.69779396057129
2014-05-28,19.64678955078125
2014-05-29,20.00476837158203
2014-05-30,19.929832458496094
2014-06-02,19.792871475219727
2014-06-03,20.072772979736328
2014-06-04,20.30198097229004
2014-06-05,20.381635665893555
2014-06-06,20.325592041015625
2014-06-09,20.650835037231445
2014-06-10,20.772045135498047
2014-06-11,20.68609619140625
2014-06-12,20.34007453918457
2014-06-13,20.117483139038086
2014-06-16,20.320240020751953
2014-06-17,20.293798446655273
2014-06-18,20.31583595275879
2014-06-19,20.245311737060547
2014-06-20,20.035934448242188
2014-06-23,20.01830291748047
2014-06-24,19.8970890045166
2014-06-25,19.914714813232422
2014-06-26,20.033729553222656
2014-06-27,20.271760940551758
2014-06-30,20.481130599975586
2014-07-01,20.61115837097168
2014-07-02,20.60234832763672
2014-07-03,20.723560333251953
2014-07-07,21.151124954223633
2014-07-08,21.01447868347168
2014-07-09,21.023300170898438
2014-07-10,20.946155548095703
2014-07-11,20.98583221435547
2014-07-14,21.256914138793945
2014-07-15,21.00786781311035
2014-07-16,20.888858795166016
2014-07-17,20.51639175415039
2014-07-18,20.81171989440918
2014-07-21,20.70372772216797
2014-07-22,20.875633239746094
2014-07-23,21.420001983642578
2014-07-24,21.38473892211914
2014-07-25,21.525794982910156
2014-07-28,21.823318481445312
2014-07-29,21.682268142700195
2014-07-30,21.63157844543457
2014-07-31,21.069581985473633
2014-08-01,21.186389923095703
2014-08-04,21.067378997802734
2014-08-05,20.96379280090332
2014-08-06,20.92852783203125
2014-08-07,20.926311492919922
2014-08-08,20.98390007019043
2014-08-11,21.26076316833496
2014-08-12,21.25633430480957
2014-08-13,21.53762435913086
2014-08-14,21.595211029052734
2014-08-15,21.70152473449707
2014-08-18,21.9628849029541
2014-08-19,22.266326904296875
2014-08-20,22.275178909301758
2014-08-21,22.277400970458984
2014-08-22,22.441299438476562
2014-08-25,22.490020751953125
2014-08-26,22.346059799194336
2014-08-27,22.620702743530273
2014-08-28,22.64729118347168
2014-08-29,22.702653884887695
2014-09-02,22.87984848022461
2014-09-03,21.914159774780273
2014-09-04,21.732534408569336
2014-09-05,21.92079734802246
2014-09-08,21.785690307617188
2014-09-09,21.703744888305664
2014-09-10,22.370424270629883
2014-09-11,22.465665817260742
2014-09-12,22.5166072845459
2014-09-15,22.50996208190918
2014-09-16,22.33941078186035
2014-09-17,22.498884201049805
2014-09-18,22.545392990112305
2014-09-19,22.361562728881836
2014-09-22,22.383710861206055
2014-09-23,22.73366355895996
2014-09-24,22.53653907775879
2014-09-25,21.677165985107422
2014-09-26,22.3150577545166
2014-09-29,22.173294067382812
2014-09-30,22.3150577545166
2014-10-01,21.96732521057129
2014-10-02,22.126779556274414
2014-10-03,22.064767837524414
2014-10-06,22.064767837524414
2014-10-07,21.872074127197266
2014-10-08,22.326122283935547
2014-10-09,22.374860763549805
2014-10-10,22.310626983642578
2014-10-13,22.106849670410156
2014-10-14,21.872074127197266
2014-10-15,21.60407257080078
2014-10-16,21.320566177368164
2014-10-17,21.632862091064453
2014-10-20,22.09577751159668
2014-10-21,22.69601821899414
2014-10-22,22.811189651489258
2014-10-23,23.21872329711914
2014-10-24,23.305105209350586
2014-10-27,23.280744552612305
2014-10-28,23.641769409179688
2014-10-29,23.774662017822266
2014-10-30,23.694931030273438
2014-10-31,23.92084312438965
2014-11-03,24.230934143066406
2014-11-04,24.053741455078125
2014-11-05,24.111326217651367
2014-11-06,24.180286407470703
2014-11-07,24.249244689941406
2014-11-10,24.209209442138672
2014-11-11,24.40273094177246
2014-11-12,24.74753761291504
2014-11-13,25.096778869628906
2014-11-14,25.399311065673828
2014-11-17,25.357046127319336
2014-11-18,25.68627166748047
2014-11-19,25.508316040039062
2014-11-20,25.87312889099121
2014-11-21,25.908716201782227
2014-11-24,26.389217376708984
2014-11-25,26.160091400146484
2014-11-26,26.471521377563477
2014-11-28,26.455949783325195
2014-12-01,25.59729766845703
2014-12-02,25.499414443969727
2014-12-03,25.78860092163086
2014-12-04,25.690725326538086
2014-12-05,25.58171844482422
2014-12-08,25.003360748291016
2014-12-09,25.385961532592773
2014-12-10,24.90324592590332
2014-12-11,24.8298397064209
2014-12-12,24.409414291381836
2014-12-15,24.07573699951172
2014-12-16,23.746509552001953
2014-12-17,24.338228225708008
2014-12-18,25.058963775634766
2014-12-19,24.865432739257812
2014-12-22,25.123472213745117
2014-12-23,25.034500122070312
2014-12-24,24.916597366333008
2014-12-26,25.357046127319336
2014-12-29,25.339250564575195
2014-12-30,25.030046463012695
2014-12-31,24.55400276184082
2015-01-02,24.3204288482666
2015-01-05,23.63528823852539
2015-01-06,23.637514114379883
2015-01-07,23.968963623046875
2015-01-08,24.889904022216797
2015-01-09,24.916597366333008
2015-01-12,24.302631378173828
2015-01-13,24.51841926574707
2015-01-14,24.42498779296875
2015-01-15,23.762083053588867
2015-01-16,23.577455520629883
2015-01-20,24.184734344482422
2015-01-21,24.36937713623047
2015-01-22,25.003360748291016
2015-01-23,25.132368087768555
2015-01-26,25.15906524658203
2015-01-27,24.278162002563477
2015-01-28,25.65067481994629
2015-01-29,26.449281692504883
2015-01-30,26.062211990356445
2015-02-02,26.389217376708984
2015-02-03,26.39366340637207
2015-02-04,26.59609031677246
2015-02-05,26.785919189453125
2015-02-06,26.56036376953125
2015-02-09,26.736791610717773
2015-02-10,27.250444412231445
2015-02-11,27.88916015625
2015-02-12,28.24201774597168
2015-02-13,28.3804874420166
2015-02-17,28.547977447509766
2015-02-18,28.74674415588379
2015-02-19,28.68644142150879
2015-02-20,28.920930862426758
2015-02-23,29.70258140563965
2015-02-24,29.5172119140625
2015-02-25,28.76236915588379
2015-02-26,29.12639617919922
2015-02-27,28.68867301940918
2015-03-02,28.82937240600586
2015-03-03,28.88966941833496
2015-03-04,28.706533432006836
2015-03-05,28.23084831237793
2015-03-06,28.27328109741211
2015-03-09,28.393877029418945
2015-03-10,27.8065242767334
2015-03-11,27.299571990966797
2015-03-12,27.793128967285156
2015-03-13,27.6010684967041
2015-03-16,27.90479278564453
2015-03-17,28.371543884277344
2015-03-18,28.690906524658203
2015-03-19,28.474281311035156
2015-03-20,28.11695098876953
2015-03-23,28.409507751464844
2015-03-24,28.293380737304688
2015-03-25,27.554174423217773
2015-03-26,27.746231079101562
2015-03-27,27.52513313293457
2015-03-30,28.221921920776367
2015-03-31,27.78866195678711
2015-04-01,27.748458862304688
2015-04-02,27.987428665161133
2015-04-06,28.44078254699707
2015-04-07,28.141517639160156
2015-04-08,28.04996109008789
2015-04-09,28.264345169067383
2015-04-10,28.38494873046875
2015-04-13,28.329116821289062
2015-04-14,28.20629119873047
2015-04-15,28.313478469848633
2015-04-16,28.1772518157959
2015-04-17,27.86013412475586
2015-04-20,28.496612548828125
2015-04-21,28.342517852783203
2015-04-22,28.724397659301758
2015-04-23,28.958894729614258
2015-04-24,29.095130920410156
2015-04-27,29.624414443969727
2015-04-28,29.157665252685547
2015-04-29,28.728872299194336
2015-04-30,27.949459075927734
2015-05-01,28.79810333251953
2015-05-04,28.742273330688477
2015-05-05,28.09461784362793
2015-05-06,27.918190002441406
2015-05-07,28.09087371826172
2015-05-08,28.62012481689453
2015-05-11,28.328584671020508
2015-05-12,28.227676391601562
2015-05-13,28.25907325744629
2015-05-14,28.918392181396484
2015-05-15,28.87802505493164
2015-05-18,29.196481704711914
2015-05-19,29.169572830200195
2015-05-20,29.167314529418945
2015-05-21,29.465591430664062
2015-05-22,29.723487854003906
2015-05-26,29.068649291992188
2015-05-27,29.61136245727539
2015-05-28,29.55305290222168
2015-05-29,29.21666145324707
2015-06-01,29.274980545043945
2015-06-02,29.144899368286133
2015-06-03,29.18077850341797
2015-06-04,29.01034164428711
2015-06-05,28.851110458374023
2015-06-08,28.660499572753906
2015-06-09,28.57527732849121
2015-06-10,28.902700424194336
2015-06-11,28.837661743164062
2015-06-12,28.51921272277832
2015-06-15,28.463146209716797
2015-06-16,28.615642547607422
2015-06-17,28.548364639282227
2015-06-18,28.678436279296875
2015-06-19,28.39138412475586
2015-06-22,28.61789321899414
2015-06-23,28.487812042236328
2015-06-24,28.73002052307129
2015-06-25,28.593223571777344
2015-06-26,28.425018310546875
2015-06-29,27.927162170410156
2015-06-30,28.128999710083008
2015-07-01,28.39138412475586
2015-07-02,28.355501174926758
2015-07-06,28.256826400756836
2015-07-07,28.187307357788086
2015-07-08,27.487606048583984
2015-07-09,26.926959991455078
2015-07-10,27.646839141845703
2015-07-13,28.180578231811523
2015-07-14,28.16936683654785
2015-07-15,28.440719604492188
2015-07-16,28.819721221923828
2015-07-17,29.068649291992188
2015-07-20,29.618091583251953
2015-07-21,29.322067260742188
2015-07-22,28.081905364990234
2015-07-23,28.068450927734375
2015-07-24,27.920427322387695
2015-07-27,27.5324649810791
2015-07-28,27.669267654418945
2015-07-29,27.58180809020996
2015-07-30,27.442764282226562
2015-07-31,27.202810287475586
2015-08-03,26.561416625976562
2015-08-04,25.709226608276367
2015-08-05,25.879669189453125
2015-08-06,25.93598175048828
2015-08-07,26.023845672607422
2015-08-10,26.969999313354492
2015-08-11,25.566532135009766
2015-08-12,25.96076202392578
2015-08-13,25.940494537353516
2015-08-14,26.122968673706055
2015-08-17,26.393295288085938
2015-08-18,26.244609832763672
2015-08-19,25.90895652770996
2015-08-20,25.377302169799805
2015-08-21,23.825153350830078
2015-08-24,23.230424880981445
2015-08-25,23.370098114013672
2015-08-26,24.71048355102539
2015-08-27,25.43812370300293
2015-08-28,25.5214786529541
2015-08-31,25.402080535888672
2015-09-01,24.266691207885742
2015-09-02,25.307462692260742
2015-09-03,24.863670349121094
2015-09-04,24.61586570739746
2015-09-08,25.300703048706055
2015-09-09,24.814111709594727
2015-09-10,25.359281539916992
2015-09-11,25.728731155395508
2015-09-14,25.976531982421875
2015-09-15,26.195056915283203
2015-09-16,26.224332809448242
2015-09-17,25.66339683532715
2015-09-18,25.557519912719727
2015-09-21,25.954010009765625
2015-09-22,25.54625129699707
2015-09-23,25.753517150878906
2015-09-24,25.906692504882812
2015-09-25,25.84136390686035
2015-09-28,25.329994201660156
2015-09-29,24.568559646606445
2015-09-30,24.847904205322266
2015-10-01,24.68570327758789
2015-10-02,24.865921020507812
2015-10-05,24.95604133605957
2015-10-06,25.0754337310791
2015-10-07,24.95604133605957
2015-10-08,24.66767692565918
2015-10-09,25.257909774780273
2015-10-12,25.140758514404297
2015-10-13,25.183563232421875
2015-10-14,24.82762908935547
2015-10-15,25.199338912963867
2015-10-16,25.014606475830078
2015-10-19,25.17005157470703
2015-10-20,25.629608154296875
2015-10-21,25.627349853515625
2015-10-22,26.01933479309082
2015-10-23,26.825817108154297
2015-10-26,25.969776153564453
2015-10-27,25.805330276489258
2015-10-28,26.868623733520508
2015-10-29,27.1524715423584
2015-10-30,26.920440673828125
2015-11-02,27.298904418945312
2015-11-03,27.612031936645508
2015-11-04,27.483625411987305
2015-11-05,27.35693359375
2015-11-06,27.388608932495117
2015-11-09,27.27774429321289
2015-11-10,26.41803741455078
2015-11-11,26.26871681213379
2015-11-12,26.18048667907715
2015-11-13,25.41579246520996
2015-11-16,25.832080841064453
2015-11-17,25.721216201782227
2015-11-18,26.535675048828125
2015-11-19,26.872779846191406
2015-11-20,26.99043083190918
2015-11-23,26.639753341674805
2015-11-24,26.895402908325195
2015-11-25,26.703094482421875
2015-11-27,26.6533203125
2015-11-30,26.764183044433594
2015-12-01,26.546993255615234
2015-12-02,26.307178497314453
2015-12-03,26.062837600708008
2015-12-04,26.92933464050293
2015-12-07,26.759666442871094
2015-12-08,26.74834442138672
2015-12-09,26.157859802246094
2015-12-10,26.282291412353516
2015-12-11,25.605833053588867
2015-12-14,25.447467803955078
2015-12-15,24.997249603271484
2015-12-16,25.189556121826172
2015-12-17,24.655628204345703
2015-12-18,23.988218307495117
2015-12-21,24.282331466674805
2015-12-22,24.259708404541016
2015-12-23,24.571914672851562
2015-12-24,24.440698623657227
2015-12-28,24.16695213317871
2015-12-29,24.601327896118164
2015-12-30,24.28006935119629
2015-12-31,23.814014434814453
2016-01-04,23.834379196166992
2016-01-05,23.237104415893555
2016-01-06,22.78235626220703
2016-01-07,21.820846557617188
2016-01-08,21.93621826171875
2016-01-11,22.29142189025879
2016-01-12,22.614944458007812
2016-01-13,22.033506393432617
2016-01-14,22.515398025512695
2016-01-15,21.974689483642578
2016-01-19,21.86835289001465
2016-01-20,21.897768020629883
2016-01-21,21.78690528869629
2016-01-22,22.945249557495117
2016-01-25,22.497304916381836
2016-01-26,22.621732711791992
2016-01-27,21.135334014892578
2016-01-28,21.286911010742188
2016-01-29,22.022199630737305
2016-02-01,21.816314697265625
2016-02-02,21.375152587890625
2016-02-03,21.798215866088867
2016-02-04,21.97336769104004
2016-02-05,21.386497497558594
2016-02-08,21.611692428588867
2016-02-09,21.607149124145508
2016-02-10,21.443370819091797
2016-02-11,21.313711166381836
2016-02-12,21.379676818847656
2016-02-16,21.98246955871582
2016-02-17,22.319114685058594
2016-02-18,21.89603042602539
2016-02-19,21.845985412597656
2016-02-22,22.03706169128418
2016-02-23,21.538898468017578
2016-02-24,21.85963249206543
2016-02-25,22.00975799560547
2016-02-26,22.043882369995117
2016-02-29,21.99384117126465
2016-03-01,22.867313385009766
2016-03-02,22.9173526763916
2016-03-03,23.087953567504883
2016-03-04,23.431432723999023
2016-03-07,23.172122955322266
2016-03-08,22.981040954589844
2016-03-09,23.00151824951172
2016-03-10,23.012895584106445
2016-03-11,23.26082992553711
2016-03-14,23.319974899291992
2016-03-15,23.788555145263672
2016-03-16,24.104738235473633
2016-03-17,24.066070556640625
2016-03-18,24.093366622924805
2016-03-21,24.091093063354492
2016-03-22,24.275341033935547
2016-03-23,24.141132354736328
2016-03-24,24.036497116088867
2016-03-28,23.927309036254883
2016-03-29,24.49370574951172
2016-03-30,24.92133903503418
2016-03-31,24.791688919067383
2016-04-01,25.01915168762207
2016-04-04,25.27619171142578
2016-04-05,24.978212356567383
2016-04-06,25.23980712890625
2016-04-07,24.689332962036133
2016-04-08,24.716625213623047
2016-04-11,24.798513412475586
2016-04-12,25.12152671813965
2016-04-13,25.48546600341797
2016-04-14,25.499116897583008
2016-04-15,24.9873046875
2016-04-18,24.44821548461914
2016-04-19,24.31855583190918
2016-04-20,24.368600845336914
2016-04-21,24.104738235473633
2016-04-22,24.038774490356445
2016-04-25,23.902297973632812
2016-04-26,23.73624038696289
2016-04-27,22.250873565673828
2016-04-28,21.57075309753418
2016-04-29,21.32280921936035
2016-05-02,21.30005645751953
2016-05-03,21.65036392211914
2016-05-04,21.425167083740234
2016-05-05,21.338207244873047
2016-05-06,21.219207763671875
2016-05-09,21.2352237701416
2016-05-10,21.379398345947266
2016-05-11,21.171144485473633
2016-05-12,20.674531936645508
2016-05-13,20.71572494506836
2016-05-16,21.484676361083984
2016-05-17,21.395414352416992
2016-05-18,21.64028549194336
2016-05-19,21.557907104492188
2016-05-20,21.791332244873047
2016-05-23,22.068246841430664
2016-05-24,22.4046573638916
2016-05-25,22.798288345336914
2016-05-26,22.97907829284668
2016-05-27,22.96534538269043
2016-05-31,22.853206634521484
2016-06-01,22.53281593322754
2016-06-02,22.363462448120117
2016-06-03,22.409229278564453
2016-06-06,22.571720123291016
2016-06-07,22.66326332092285
2016-06-08,22.64266586303711
2016-06-09,22.805145263671875
2016-06-10,22.617494583129883
2016-06-13,22.2764949798584
2016-06-14,22.3039608001709
2016-06-15,22.230731964111328
2016-06-16,22.324565887451172
2016-06-17,21.816509246826172
2016-06-20,21.763866424560547
2016-06-21,21.94924545288086
2016-06-22,21.86686134338379
2016-06-23,21.99273109436035
2016-06-24,21.374826431274414
2016-06-27,21.063581466674805
2016-06-28,21.418304443359375
2016-06-29,21.603675842285156
2016-06-30,21.8782958984375
2016-07-01,21.94466781616211
2016-07-05,21.73869514465332
2016-07-06,21.862272262573242
2016-07-07,21.956111907958984
2016-07-08,22.125457763671875
2016-07-11,22.194116592407227
2016-07-12,22.29481315612793
2016-07-13,22.1689395904541
2016-07-14,22.608341217041016
2016-07-15,22.60605239868164
2016-07-18,22.846342086791992
2016-07-19,22.855497360229492
2016-07-20,22.876094818115234
2016-07-21,22.75480079650879
2016-07-22,22.578580856323242
2016-07-25,22.2764949798584
2016-07-26,22.123172760009766
2016-07-27,23.56036376953125
2016-07-28,23.878467559814453
2016-07-29,23.848712921142578
2016-08-01,24.269807815551758
2016-08-02,23.910507202148438
2016-08-03,24.21030616760254
2016-08-04,24.359865188598633
2016-08-05,24.730310440063477
2016-08-08,24.93509864807129
2016-08-09,25.036334991455078
2016-08-10,24.849960327148438
2016-08-11,24.83385467529297
2016-08-12,24.891380310058594
2016-08-15,25.19050407409668
2016-08-16,25.167490005493164
2016-08-17,25.13066864013672
2016-08-18,25.098459243774414
2016-08-19,25.162885665893555
2016-08-22,24.967309951782227
2016-08-23,25.045543670654297
2016-08-24,24.856861114501953
2016-08-25,24.751022338867188
2016-08-26,24.606060028076172
2016-08-29,24.57845115661621
2016-08-30,24.389772415161133
2016-08-31,24.412784576416016
2016-09-01,24.557741165161133
2016-09-02,24.7878360748291
2016-09-06,24.780929565429688
2016-09-07,24.932796478271484
2016-09-08,24.279327392578125
2016-09-09,23.729412078857422
2016-09-12,24.260929107666016
2016-09-13,24.838455200195312
2016-09-14,25.717411041259766
2016-09-15,26.591758728027344
2016-09-16,26.442197799682617
2016-09-19,26.133874893188477
2016-09-20,26.131576538085938
2016-09-21,26.126976013183594
2016-09-22,26.373172760009766
2016-09-23,25.93369483947754
2016-09-26,25.972814559936523
2016-09-27,26.021127700805664
2016-09-28,26.219009399414062
2016-09-29,25.811748504638672
2016-09-30,26.01192283630371
2016-10-03,25.889976501464844
2016-10-04,26.000417709350586
2016-10-05,26.01192283630371
2016-10-06,26.205202102661133
2016-10-07,26.24431800842285
2016-10-10,26.702211380004883
2016-10-11,26.75972557067871
2016-10-12,26.999021530151367
2016-10-13,26.91619300842285
2016-10-14,27.06574249267578
2016-10-17,27.047340393066406
2016-10-18,27.028934478759766
2016-10-19,26.948402404785156
2016-10-20,26.934595108032227
2016-10-21,26.82875633239746
2016-10-24,27.070354461669922
2016-10-25,27.20840835571289
2016-10-26,26.596359252929688
2016-10-27,26.340965270996094
2016-10-28,26.166088104248047
2016-10-31,26.124670028686523
2016-11-01,25.652984619140625
2016-11-02,25.675994873046875
2016-11-03,25.40077781677246
2016-11-04,25.171815872192383
2016-11-07,25.53491973876953
2016-11-08,25.68523597717285
2016-11-09,25.643619537353516
2016-11-10,24.92898178100586
2016-11-11,25.076993942260742
2016-11-14,24.44793128967285
2016-11-15,24.77171516418457
2016-11-16,25.437782287597656
2016-11-17,25.428529739379883
2016-11-18,25.45397186279297
2016-11-21,25.840194702148438
2016-11-22,25.856386184692383
2016-11-23,25.72456169128418
2016-11-25,25.85407257080078
2016-11-28,25.803194046020508
2016-11-29,25.77775001525879
2016-11-30,25.56035614013672
2016-12-01,25.3221435546875
2016-12-02,25.416961669921875
2016-12-05,25.234256744384766
2016-12-06,25.428529739379883
2016-12-07,25.678306579589844
2016-12-08,25.930400848388672
2016-12-09,26.353626251220703
2016-12-12,26.203298568725586
2016-12-13,26.640405654907227
2016-12-14,26.640405654907227
2016-12-15,26.78610610961914
2016-12-16,26.820796966552734
2016-12-19,26.975749969482422
2016-12-20,27.04744529724121
2016-12-21,27.072885513305664
2016-12-22,26.89480209350586
2016-12-23,26.947999954223633
2016-12-27,27.119140625
2016-12-28,27.003501892089844
2016-12-29,26.996564865112305
2016-12-30,26.78610610961914
2017-01-03,26.862428665161133
2017-01-04,26.83235740661621
2017-01-05,26.968812942504883
2017-01-06,27.269460678100586
2017-01-09,27.519245147705078
2017-01-10,27.547000885009766
2017-01-11,27.69500732421875
2017-01-12,27.579370498657227
2017-01-13,27.530805587768555
2017-01-17,27.752826690673828
2017-01-18,27.750520706176758
2017-01-19,27.70194435119629
2017-01-20,27.752826690673828
2017-01-23,27.771337509155273
2017-01-24,27.745893478393555
2017-01-25,28.1876277923584
2017-01-26,28.20150375366211
2017-01-27,28.20380973815918
2017-01-30,28.129804611206055
2017-01-31,28.065046310424805
2017-02-01,29.77647590637207
2017-02-02,29.725595474243164
2017-02-03,29.85279655456543
2017-02-06,30.132633209228516
2017-02-07,30.41941261291504
2017-02-08,30.537363052368164
2017-02-09,30.75802230834961
2017-02-10,30.68834114074707
2017-02-13,30.96009635925293
2017-02-14,31.361948013305664
2017-02-15,31.47575569152832
2017-02-16,31.4385986328125
2017-02-17,31.524534225463867
2017-02-21,31.75216293334961
2017-02-22,31.847410202026367
2017-02-23,31.712682723999023
2017-02-24,31.74287986755371
2017-02-27,31.805587768554688
2017-02-28,31.81951904296875
2017-03-01,32.469905853271484
2017-03-02,32.277103424072266
2017-03-03,32.46757125854492
2017-03-06,32.36536407470703
2017-03-07,32.407196044921875
2017-03-08,32.286399841308594
2017-03-09,32.212066650390625
2017-03-10,32.31892013549805
2017-03-13,32.33285903930664
2017-03-14,32.284080505371094
2017-03-15,32.62553024291992
2017-03-16,32.678955078125
2017-03-17,32.516361236572266
2017-03-20,32.85781478881836
2017-03-21,32.48151397705078
2017-03-22,32.8485221862793
2017-03-23,32.73237991333008
2017-03-24,32.66734313964844
2017-03-27,32.72307205200195
2017-03-28,33.40133285522461
2017-03-29,33.475650787353516
2017-03-30,33.4315185546875
2017-03-31,33.36881637573242
2017-04-03,33.37810134887695
2017-04-04,33.62664031982422
2017-04-05,33.45242691040039
2017-04-06,33.36881637573242
2017-04-07,33.29448318481445
2017-04-10,33.25498962402344
2017-04-11,32.89728927612305
2017-04-12,32.93677520751953
2017-04-13,32.76256561279297
2017-04-17,32.94374465942383
2017-04-18,32.79741668701172
2017-04-19,32.67662811279297
2017-04-20,33.08543395996094
2017-04-21,33.04594039916992
2017-04-24,33.36416244506836
2017-04-25,33.570884704589844
2017-04-26,33.37345504760742
2017-04-27,33.39899826049805
2017-04-28,33.36648178100586
2017-05-01,34.04704666137695
2017-05-02,34.26306915283203
2017-05-03,34.158546447753906
2017-05-04,34.03544616699219
2017-05-05,34.59986877441406
2017-05-08,35.54059600830078
2017-05-09,35.768226623535156
2017-05-10,35.598663330078125
2017-05-11,35.906524658203125
2017-05-12,36.407981872558594
2017-05-15,36.314693450927734
2017-05-16,36.26106262207031
2017-05-17,35.04355239868164
2017-05-18,35.577667236328125
2017-05-19,35.698951721191406
2017-05-22,35.915863037109375
2017-05-23,35.871543884277344
2017-05-24,35.764251708984375
2017-05-25,35.88787841796875
2017-05-26,35.827239990234375
2017-05-30,35.841224670410156
2017-05-31,35.62898254394531
2017-06-01,35.726951599121094
2017-06-02,36.256385803222656
2017-06-05,35.90187454223633
2017-06-06,36.02315902709961
2017-06-07,36.237735748291016
2017-06-08,36.14909744262695
2017-06-09,34.747352600097656
2017-06-12,33.91703796386719
2017-06-13,34.189918518066406
2017-06-14,33.85639953613281
2017-06-15,33.65347671508789
2017-06-16,33.18233871459961
2017-06-19,34.131614685058594
2017-06-20,33.8214111328125
2017-06-21,34.02199172973633
2017-06-22,33.96603012084961
2017-06-23,34.11762237548828
2017-06-26,34.010337829589844
2017-06-27,33.522865295410156
2017-06-28,34.012657165527344
2017-06-29,33.511207580566406
2017-06-30,33.590511322021484
2017-07-03,33.46921920776367
2017-07-05,33.60683059692383
2017-07-06,33.289634704589844
2017-07-07,33.62782287597656
2017-07-10,33.83308029174805
2017-07-11,33.942691802978516
2017-07-12,33.991668701171875
2017-07-13,34.46513748168945
2017-07-14,34.761348724365234
2017-07-17,34.88262939453125
2017-07-18,35.0039176940918
2017-07-19,35.2231559753418
2017-07-20,35.064544677734375
2017-07-21,35.0482292175293
2017-07-24,35.472713470458984
2017-07-25,35.62432098388672
2017-07-26,35.79225540161133
2017-07-27,35.11585998535156
2017-07-28,34.86863708496094
2017-07-31,34.68905258178711
2017-08-01,34.996917724609375
2017-08-02,36.65054702758789
2017-08-03,36.28437042236328
2017-08-04,36.47562026977539
2017-08-07,37.04005432128906
2017-08-08,37.336265563964844
2017-08-09,37.56483459472656
2017-08-10,36.36832809448242
2017-08-11,36.874088287353516
2017-08-14,37.42903137207031
2017-08-15,37.83878707885742
2017-08-16,37.68659591674805
2017-08-17,36.96306610107422
2017-08-18,36.87876510620117
2017-08-21,36.81087112426758
2017-08-22,37.41263961791992
2017-08-23,37.459468841552734
2017-08-24,37.2932243347168
2017-08-25,37.43137741088867
2017-08-28,37.808353424072266
2017-08-29,38.14552688598633
2017-08-30,38.24856185913086
2017-08-31,38.400760650634766
2017-09-01,38.41245651245117
2017-09-05,37.9511833190918
2017-09-06,37.911380767822266
2017-09-07,37.759185791015625
2017-09-08,37.14336013793945
2017-09-11,37.81536865234375
2017-09-12,37.665531158447266
2017-09-13,37.3822021484375
2017-09-14,37.06141662597656
2017-09-15,37.43605041503906
2017-09-18,37.15272903442383
2017-09-19,37.16678237915039
2017-09-20,36.5439453125
2017-09-21,35.91642379760742
2017-09-22,35.56517791748047
2017-09-25,35.25141525268555
2017-09-26,35.85788345336914
2017-09-27,36.113101959228516
2017-09-28,35.89066696166992
2017-09-29,36.08732986450195
2017-10-02,36.014747619628906
2017-10-03,36.17163848876953
2017-10-04,35.937477111816406
2017-10-05,36.384708404541016
2017-10-06,36.363643646240234
2017-10-09,36.49008560180664
2017-10-10,36.50412368774414
2017-10-11,36.65633010864258
2017-10-12,36.52753829956055
2017-10-13,36.75936508178711
2017-10-16,37.43605041503906
2017-10-17,37.5742073059082
2017-10-18,37.407955169677734
2017-10-19,36.52286911010742
2017-10-20,36.58607864379883
2017-10-23,36.56736373901367
2017-10-24,36.785125732421875
2017-10-25,36.62355422973633
2017-10-26,36.857696533203125
2017-10-27,38.17831039428711
2017-10-30,39.03763961791992
2017-10-31,39.58086013793945
2017-11-01,39.07745361328125
2017-11-02,39.36309814453125
2017-11-03,40.39103698730469
2017-11-06,40.80080032348633
2017-11-07,40.93192672729492
2017-11-08,41.26676940917969
2017-11-09,41.18246078491211
2017-11-10,41.04616928100586
2017-11-13,40.881675720214844
2017-11-14,40.263648986816406
2017-11-15,39.732566833496094
2017-11-16,40.20724868774414
2017-11-17,39.9839973449707
2017-11-20,39.94404602050781
2017-11-21,40.68663024902344
2017-11-22,41.11431884765625
2017-11-24,41.116661071777344
2017-11-27,40.90987014770508
2017-11-28,40.670188903808594
2017-11-29,39.82655715942383
2017-11-30,40.38349914550781
2017-12-01,40.19548797607422
2017-12-04,39.90176010131836
2017-12-05,39.864158630371094
2017-12-06,39.71610641479492
2017-12-07,39.78895950317383
2017-12-08,39.800697326660156
2017-12-11,40.57617950439453
2017-12-12,40.34824752807617
2017-12-13,40.48218536376953
2017-12-14,40.47043991088867
2017-12-15,40.881675720214844
2017-12-18,41.4573974609375
2017-12-19,41.01560974121094
2017-12-20,40.970970153808594
2017-12-21,41.126068115234375
2017-12-22,41.126068115234375
2017-12-26,40.082706451416016
2017-12-27,40.08974838256836
2017-12-28,40.20254898071289
2017-12-29,39.7678108215332
2018-01-02,40.479835510253906
2018-01-03,40.47278594970703
2018-01-04,40.66078567504883
2018-01-05,41.12371063232422
2018-01-08,40.970970153808594
2018-01-09,40.96627426147461
2018-01-10,40.956871032714844
2018-01-11,41.18951416015625
2018-01-12,41.61486053466797
2018-01-16,41.403350830078125
2018-01-17,42.08719253540039
2018-01-18,42.124786376953125
2018-01-19,41.93678665161133
2018-01-22,41.59370422363281
2018-01-23,41.60310745239258
2018-01-24,40.94041061401367
2018-01-25,40.209598541259766
2018-01-26,40.30359649658203
2018-01-29,39.46936798095703
2018-01-30,39.23672103881836
2018-01-31,39.34482955932617
2018-02-01,39.42707824707031
2018-02-02,37.71632766723633
2018-02-05,36.77400588989258
2018-02-06,38.31085205078125
2018-02-07,37.49073791503906
2018-02-08,36.4591178894043
2018-02-09,36.90505599975586
2018-02-12,38.39155197143555
2018-02-13,38.77614974975586
2018-02-14,39.4910888671875
2018-02-15,40.8171272277832
2018-02-16,40.68498992919922
2018-02-20,40.54814529418945
2018-02-21,40.36410903930664
2018-02-22,40.70150375366211
2018-02-23,41.40935516357422
2018-02-26,42.22810745239258
2018-02-27,42.09125900268555
2018-02-28,42.02755355834961
2018-03-01,41.291385650634766
2018-03-02,41.57688903808594
2018-03-05,41.720802307128906
2018-03-06,41.685420989990234
2018-03-07,41.298458099365234
2018-03-08,41.749122619628906
2018-03-09,42.4664306640625
2018-03-12,42.87696838378906
2018-03-13,42.46405792236328
2018-03-14,42.10305404663086
2018-03-15,42.152610778808594
2018-03-16,42.00395584106445
2018-03-19,41.362159729003906
2018-03-20,41.34801483154297
2018-03-21,40.411293029785156
2018-03-22,39.84028625488281
2018-03-23,38.9177131652832
2018-03-26,40.765220642089844
2018-03-27,39.719947814941406
2018-03-28,39.28108215332031
2018-03-29,39.587825775146484
2018-04-02,39.32827377319336
2018-04-03,39.731746673583984
2018-04-04,40.49151611328125
2018-04-05,40.77229690551758
2018-04-06,39.72939682006836
2018-04-09,40.12342071533203
2018-04-10,40.87846755981445
2018-04-11,40.68736267089844
2018-04-12,41.088462829589844
2018-04-13,41.22767639160156
2018-04-16,41.48486328125
2018-04-17,42.05586242675781
2018-04-18,41.961483001708984
2018-04-19,40.77229690551758
2018-04-20,39.101768493652344
2018-04-23,38.988502502441406
2018-04-24,38.445823669433594
2018-04-25,38.613338470458984
2018-04-26,38.747833251953125
2018-04-27,38.299522399902344
2018-04-30,38.99322509765625
2018-05-01,39.8992805480957
2018-05-02,41.661834716796875
2018-05-03,41.737327575683594
2018-05-04,43.374839782714844
2018-05-07,43.68865203857422
2018-05-08,43.89863967895508
2018-05-09,44.20773696899414
2018-05-10,44.84008026123047
2018-05-11,44.66954040527344
2018-05-14,44.56532287597656
2018-05-15,44.160301208496094
2018-05-16,44.57243347167969
2018-05-17,44.29057312011719
2018-05-18,44.12949752807617
2018-05-21,44.44215774536133
2018-05-22,44.33083724975586
2018-05-23,44.61506271362305
2018-05-24,44.56532287597656
2018-05-25,44.66717529296875
2018-05-29,44.506099700927734
2018-05-30,44.4113655090332
2018-05-31,44.262149810791016
2018-06-01,45.060359954833984
2018-06-04,45.43698501586914
2018-06-05,45.78752517700195
2018-06-06,45.94621276855469
2018-06-07,45.82305908203125
2018-06-08,45.40618133544922
2018-06-11,45.294857025146484
2018-06-12,45.54356384277344
2018-06-13,45.169315338134766
2018-06-14,45.1930046081543
2018-06-15,44.72876739501953
2018-06-18,44.7050666809082
2018-06-19,43.98265075683594
2018-06-20,44.17449951171875
2018-06-21,43.928165435791016
2018-06-22,43.800270080566406
2018-06-25,43.14889907836914
2018-06-26,43.684200286865234
2018-06-27,43.62025451660156
2018-06-28,43.937644958496094
2018-06-29,43.845272064208984
2018-07-02,44.335575103759766
2018-07-03,43.56340408325195
2018-07-05,43.9139518737793
2018-07-06,44.52269744873047
2018-07-09,45.14090347290039
2018-07-10,45.0864143371582
2018-07-11,44.501373291015625
2018-07-12,45.247474670410156
2018-07-13,45.31854248046875
2018-07-16,45.21906661987305
2018-07-17,45.346954345703125
2018-07-18,45.0982551574707
2018-07-19,45.44881820678711
2018-07-20,45.3445930480957
2018-07-23,45.38486862182617
2018-07-24,45.7140998840332
2018-07-25,46.145179748535156
2018-07-26,46.00069808959961
2018-07-27,45.23564147949219
2018-07-30,44.982200622558594
2018-07-31,45.07220458984375
2018-08-01,47.72740936279297
2018-08-02,49.122520446777344
2018-08-03,49.2646484375
2018-08-06,49.52045822143555
2018-08-07,49.05620193481445
2018-08-08,49.0893669128418
2018-08-09,49.47544479370117
2018-08-10,49.32808303833008
2018-08-13,49.646575927734375
2018-08-14,49.855751037597656
2018-08-15,49.972225189208984
2018-08-16,50.70431900024414
2018-08-17,51.71688461303711
2018-08-20,51.21297073364258
2018-08-21,51.11314392089844
2018-08-22,51.11552047729492
2018-08-23,51.2200927734375
2018-08-24,51.37935256958008
2018-08-27,51.80244827270508
2018-08-28,52.22077560424805
2018-08-29,53.00040817260742
2018-08-30,53.4876708984375
2018-08-31,54.10568618774414
2018-09-04,54.27920150756836
2018-09-05,53.92501449584961
2018-09-06,53.028934478759766
2018-09-07,52.60108184814453
2018-09-10,51.895137786865234
2018-09-11,53.20720672607422
2018-09-12,52.546424865722656
2018-09-13,53.81569290161133
2018-09-14,53.20482635498047
2018-09-17,51.78818130493164
2018-09-18,51.87376403808594
2018-09-19,51.904659271240234
2018-09-20,52.299224853515625
2018-09-21,51.73588180541992
2018-09-24,52.479862213134766
2018-09-25,52.81263732910156
2018-09-26,52.39192581176758
2018-09-27,53.468658447265625
2018-09-28,53.65644454956055
2018-10-01,54.017730712890625
2018-10-02,54.49786376953125
2018-10-03,55.1610221862793
2018-10-04,54.191246032714844
2018-10-05,53.31178283691406
2018-10-08,53.18817901611328
2018-10-09,53.92501449584961
2018-10-10,51.42689514160156
2018-10-11,50.972904205322266
2018-10-12,52.79361343383789
2018-10-15,51.664581298828125
2018-10-16,52.80311965942383
2018-10-17,52.57494354248047
2018-10-18,51.3460807800293
2018-10-19,52.128082275390625
2018-10-22,52.446590423583984
2018-10-23,52.94098663330078
2018-10-24,51.12502670288086
2018-10-25,52.24455642700195
2018-10-26,51.41263198852539
2018-10-29,50.447608947753906
2018-10-30,50.699562072753906
2018-10-31,52.021114349365234
2018-11-01,52.81976318359375
2018-11-02,49.316192626953125
2018-11-05,47.91617965698242
2018-11-06,48.434364318847656
2018-11-07,49.90329360961914
2018-11-08,49.72917556762695
2018-11-09,48.770328521728516
2018-11-12,46.31356430053711
2018-11-13,45.850833892822266
2018-11-14,44.555660247802734
2018-11-15,45.65523910522461
2018-11-16,46.16090393066406
2018-11-19,44.33144760131836
2018-11-20,42.213382720947266
2018-11-21,42.16567611694336
2018-11-23,41.09471893310547
2018-11-26,41.650482177734375
2018-11-27,41.55984115600586
2018-11-28,43.157920837402344
2018-11-29,42.826385498046875
2018-11-30,42.59501647949219
2018-12-03,44.08339309692383
2018-12-04,42.14421463012695
2018-12-06,41.6743278503418
2018-12-07,40.18834686279297
2018-12-10,40.45310974121094
2018-12-11,40.221744537353516
2018-12-12,40.3338508605957
2018-12-13,40.77510452270508
2018-12-14,39.47039031982422
2018-12-17,39.10306930541992
2018-12-18,39.611122131347656
2018-12-19,38.375587463378906
2018-12-20,37.40719223022461
2018-12-21,35.95222091674805
2018-12-24,35.021976470947266
2018-12-26,37.48829650878906
2018-12-27,37.244998931884766
2018-12-28,37.26408386230469
2018-12-31,37.62424850463867
2019-01-02,37.66718673706055
2019-01-03,33.915252685546875
2019-01-04,35.36307907104492
2019-01-07,35.28435516357422
2019-01-08,35.957000732421875
2019-01-09,36.567596435546875
2019-01-10,36.684486389160156
2019-01-11,36.32430648803711
2019-01-14,35.77809524536133
2019-01-15,36.5103645324707
2019-01-16,36.956390380859375
2019-01-17,37.17583465576172
2019-01-18,37.40481948852539
2019-01-22,36.56522750854492
2019-01-23,36.71310043334961
2019-01-24,36.42210388183594
2019-01-25,37.6290283203125
2019-01-28,37.28076934814453
2019-01-29,36.89437484741211
2019-01-30,39.41554260253906
2019-01-31,39.69937515258789
2019-02-01,39.71845245361328
2019-02-04,40.846656799316406
2019-02-05,41.54551315307617
2019-02-06,41.55984115600586
2019-02-07,40.77272033691406
2019-02-08,40.82063293457031
2019-02-11,40.58586883544922
2019-02-12,40.93560791015625
2019-02-13,40.76553726196289
2019-02-14,40.91405487060547
2019-02-15,40.823028564453125
2019-02-19,40.945194244384766
2019-02-20,41.20869064331055
2019-02-21,40.97633361816406
2019-02-22,41.43385696411133
2019-02-25,41.73569107055664
2019-02-26,41.7596321105957
2019-02-27,41.888999938964844
2019-02-28,41.47698211669922
2019-03-01,41.91294479370117
2019-03-04,42.123748779296875
2019-03-05,42.047096252441406
2019-03-06,41.80516052246094
2019-03-07,41.32127380371094
2019-03-08,41.41949462890625
2019-03-11,42.8543586730957
2019-03-12,43.335838317871094
2019-03-13,43.52747344970703
2019-03-14,44.0113410949707
2019-03-15,44.58385467529297
2019-03-18,45.03899383544922
2019-03-19,44.68208312988281
2019-03-20,45.072532653808594
2019-03-21,46.732566833496094
2019-03-22,45.76480484008789
2019-03-25,45.21146011352539
2019-03-26,44.74435806274414
2019-03-27,45.14678192138672
2019-03-28,45.2066764831543
2019-03-29,45.50130844116211
2019-04-01,45.810325622558594
2019-04-02,46.47625732421875
2019-04-03,46.79484176635742
2019-04-04,46.87629318237305
2019-04-05,47.19009017944336
2019-04-08,47.93268585205078
2019-04-09,47.78895568847656
2019-04-10,48.05723190307617
2019-04-11,47.657203674316406
2019-04-12,47.63804244995117
2019-04-15,47.724281311035156
2019-04-16,47.729061126708984
2019-04-17,48.65849304199219
2019-04-18,48.833370208740234
2019-04-22,48.993858337402344
2019-04-23,49.70051193237305
2019-04-24,49.62385559082031
2019-04-25,49.173526763916016
2019-04-26,48.93877410888672
2019-04-29,49.01302719116211
2019-04-30,48.069217681884766
2019-05-01,50.42872619628906
2019-05-02,50.10055160522461
2019-05-03,50.72337341308594
2019-05-06,49.94005584716797
2019-05-07,48.59382247924805
2019-05-08,48.6034049987793
2019-05-09,48.08119583129883
2019-05-10,47.41510772705078
2019-05-13,44.65937042236328
2019-05-14,45.36634063720703
2019-05-15,45.90979766845703
2019-05-16,45.70779800415039
2019-05-17,45.448097229003906
2019-05-20,44.026939392089844
2019-05-21,44.87097930908203
2019-05-22,43.952396392822266
2019-05-23,43.202144622802734
2019-05-24,43.036216735839844
2019-05-28,42.85826873779297
2019-05-29,42.65388488769531
2019-05-30,42.875099182128906
2019-05-31,42.0984001159668
2019-06-03,41.67278289794922
2019-06-04,43.197330474853516
2019-06-05,43.894683837890625
2019-06-06,44.53912353515625
2019-06-07,45.72462463378906
2019-06-10,46.30896759033203
2019-06-11,46.8452033996582
2019-06-12,46.696109771728516
2019-06-13,46.68649673461914
2019-06-14,46.347442626953125
2019-06-17,46.62397766113281
2019-06-18,47.72050094604492
2019-06-19,47.58102798461914
2019-06-20,47.963375091552734
2019-06-21,47.79985046386719
2019-06-24,47.75176239013672
2019-06-25,47.0279541015625
2019-06-26,48.04513168334961
2019-06-27,48.030696868896484
2019-06-28,47.593055725097656
2019-07-01,48.46595001220703
2019-07-02,48.749691009521484
2019-07-03,49.15367126464844
2019-07-05,49.11039352416992
2019-07-08,48.09804153442383
2019-07-09,48.39140701293945
2019-07-10,48.869930267333984
2019-07-11,48.5140380859375
2019-07-12,48.88677215576172
2019-07-15,49.34605026245117
2019-07-16,49.17531967163086
2019-07-17,48.898780822753906
2019-07-18,49.454261779785156
2019-07-19,48.71603012084961
2019-07-22,49.829383850097656
2019-07-23,50.21894454956055
2019-07-24,50.178062438964844
2019-07-25,49.78130340576172
2019-07-26,49.95443344116211
2019-07-29,50.42093276977539
2019-07-30,50.20451736450195
2019-07-31,51.22889709472656
2019-08-01,50.12035369873047
2019-08-02,49.05989456176758
2019-08-05,46.49171447753906
2019-08-06,47.371822357177734
2019-08-07,47.86237335205078
2019-08-08,48.918025970458984
2019-08-09,48.514930725097656
2019-08-12,48.39181137084961
2019-08-13,50.441123962402344
2019-08-14,48.93974304199219
2019-08-15,48.695953369140625
2019-08-16,49.84491729736328
2019-08-19,50.774234771728516
2019-08-20,50.776641845703125
2019-08-21,51.326988220214844
2019-08-22,51.283546447753906
2019-08-23,48.91319274902344
2019-08-26,49.842506408691406
2019-08-27,49.280094146728516
2019-08-28,49.61077880859375
2019-08-29,50.45078659057617
2019-08-30,50.3856086730957
2019-09-03,49.65182113647461
2019-09-04,50.49422836303711
2019-09-05,51.48147201538086
2019-09-06,51.476646423339844
2019-09-09,51.69630813598633
2019-09-10,52.3069953918457
2019-09-11,53.9701042175293
2019-09-12,53.84941101074219
2019-09-13,52.80181884765625
2019-09-16,53.079402923583984
2019-09-17,53.272518157958984
2019-09-18,53.77217483520508
2019-09-19,53.335269927978516
2019-09-20,52.55561447143555
2019-09-23,52.794578552246094
2019-09-24,52.543548583984375
2019-09-25,53.3521728515625
2019-09-26,53.07699966430664
2019-09-27,52.81871795654297
2019-09-30,54.06181335449219
2019-10-01,54.21147918701172
2019-10-02,52.852516174316406
2019-10-03,53.30147171020508
2019-10-04,54.79561996459961
2019-10-07,54.807682037353516
2019-10-08,54.165611267089844
2019-10-09,54.80044174194336
2019-10-10,55.539066314697266
2019-10-11,57.01631164550781
2019-10-14,56.934234619140625
2019-10-15,56.80148696899414
2019-10-16,56.57216262817383
2019-10-17,56.79182815551758
2019-10-18,57.0645866394043
2019-10-21,58.05423355102539
2019-10-22,57.92149353027344
2019-10-23,58.69872283935547
2019-10-24,58.7952880859375
2019-10-25,59.51942443847656
2019-10-28,60.115623474121094
2019-10-29,58.725284576416016
2019-10-30,58.71804428100586
2019-10-31,60.04562759399414
2019-11-01,61.7497673034668
2019-11-04,62.155296325683594
2019-11-05,62.06597900390625
2019-11-06,62.092533111572266
2019-11-07,62.809146881103516
2019-11-08,62.981040954589844
2019-11-11,63.47979736328125
2019-11-12,63.42168045043945
2019-11-13,64.02935028076172
2019-11-14,63.58631134033203
2019-11-15,64.34168243408203
2019-11-18,64.66610717773438
2019-11-19,64.46998596191406
2019-11-20,63.71945571899414
2019-11-21,63.43378829956055
2019-11-22,63.378082275390625
2019-11-25,64.4893569946289
2019-11-26,63.985782623291016
2019-11-27,64.84526062011719
2019-11-29,64.70243072509766
2019-12-02,63.95431137084961
2019-12-03,62.813995361328125
2019-12-04,63.368412017822266
2019-12-05,64.29808044433594
2019-12-06,65.54009246826172
2019-12-09,64.62252807617188
2019-12-10,65.00020599365234
2019-12-11,65.55459594726562
2019-12-12,65.7216796875
2019-12-13,66.61504364013672
2019-12-16,67.7553482055664
2019-12-17,67.88850402832031
2019-12-18,67.72628784179688
2019-12-19,67.79407501220703
2019-12-20,67.65367126464844
2019-12-23,68.75765228271484
2019-12-24,68.82302856445312
2019-12-26,70.18850708007812
2019-12-27,70.161865234375
2019-12-30,70.57828521728516
2019-12-31,71.09398651123047
2020-01-02,72.71607208251953
2020-01-03,72.00912475585938
2020-01-06,72.58291625976562
2020-01-07,72.24154663085938
2020-01-08,73.40364837646484
2020-01-09,74.96279907226562
2020-01-10,75.13228607177734
2020-01-13,76.7374267578125
2020-01-14,75.70122528076172
2020-01-15,75.37679290771484
2020-01-16,76.32100677490234
2020-01-17,77.16595458984375
2020-01-21,76.64300537109375
2020-01-22,76.91658782958984
2020-01-23,77.28700256347656
2020-01-24,77.06425476074219
2020-01-27,74.79816436767578
2020-01-28,76.9141616821289
2020-01-29,78.52416229248047
2020-01-30,78.41036224365234
2020-01-31,74.93374633789062
2020-02-03,74.72795104980469
2020-02-04,77.19500732421875
2020-02-05,77.82447052001953
2020-02-06,78.73477935791016
2020-02-07,77.66458129882812
2020-02-10,78.033447265625
2020-02-11,77.56262969970703
2020-02-12,79.40458679199219
2020-02-13,78.8391342163086
2020-02-14,78.85855865478516
2020-02-18,77.41461181640625
2020-02-19,78.53577423095703
2020-02-20,77.73008728027344
2020-02-21,75.9706802368164
2020-02-24,72.36203002929688
2020-02-25,69.91098022460938
2020-02-26,71.02001953125
2020-02-27,66.37757110595703
2020-02-28,66.33872985839844
2020-03-02,72.51490783691406
2020-03-03,70.21190643310547
2020-03-04,73.46864318847656
2020-03-05,71.08552551269531
2020-03-06,70.14152526855469
2020-03-09,64.59385681152344
2020-03-10,69.24604797363281
2020-03-11,66.8410873413086
2020-03-12,60.24020767211914
2020-03-13,67.4574966430664
2020-03-16,58.779296875
2020-03-17,61.36381530761719
2020-03-18,59.861629486083984
2020-03-19,59.40298080444336
2020-03-20,55.631744384765625
2020-03-23,54.44989013671875
2020-03-24,59.91259002685547
2020-03-25,59.58255386352539
2020-03-26,62.71796798706055
2020-03-27,60.121307373046875
2020-03-30,61.8370361328125
2020-03-31,61.71084213256836
2020-04-01,58.46380615234375
2020-04-02,59.43937683105469
2020-04-03,58.58514404296875
2020-04-06,63.69597625732422
2020-04-07,62.958213806152344
2020-04-08,64.56963348388672
2020-04-09,65.03553009033203
2020-04-13,66.31204223632812
2020-04-14,69.6610107421875
2020-04-15,69.02519226074219
2020-04-16,69.57365417480469
2020-04-17,68.62963104248047
2020-04-20,67.2051010131836
2020-04-21,65.12777709960938
2020-04-22,67.00366973876953
2020-04-23,66.74401092529297
2020-04-24,68.6708755493164
2020-04-27,68.71940612792969
2020-04-28,67.60552215576172
2020-04-29,69.82604217529297
2020-04-30,71.29908752441406
2020-05-01,70.15122985839844
2020-05-04,71.14376831054688
2020-05-05,72.2115707397461
2020-05-06,72.95659637451172
2020-05-07,73.7113037109375
2020-05-08,75.46577453613281
2020-05-11,76.65326690673828
2020-05-12,75.77723693847656
2020-05-13,74.86229705810547
2020-05-14,75.32220458984375
2020-05-15,74.87690734863281
2020-05-18,76.64107513427734
2020-05-19,76.19822692871094
2020-05-20,77.68014526367188
2020-05-21,77.10102081298828
2020-05-22,77.59741973876953
2020-05-26,77.07181549072266
2020-05-27,77.40757751464844
2020-05-28,77.44165802001953
2020-05-29,77.3662338256836
2020-06-01,78.31768035888672
2020-06-02,78.68022918701172
2020-06-03,79.11338806152344
2020-06-04,78.43205261230469
2020-06-05,80.66586303710938
2020-06-08,81.14280700683594
2020-06-09,83.70514678955078
2020-06-10,85.85865020751953
2020-06-11,81.73653411865234
2020-06-12,82.44220733642578
2020-06-15,83.4617919921875
2020-06-16,85.6737289428711
2020-06-17,85.55447387695312
2020-06-18,85.58855438232422
2020-06-19,85.09944915771484
2020-06-22,87.32598114013672
2020-06-23,89.18992614746094
2020-06-24,87.61554718017578
2020-06-25,88.77867889404297
2020-06-26,86.05089569091797
2020-06-29,88.03410339355469
2020-06-30,88.76895141601562
2020-07-01,88.6010513305664
2020-07-02,88.6010513305664
2020-07-06,90.97111511230469
2020-07-07,90.68885803222656
2020-07-08,92.80103302001953
2020-07-09,93.2000961303711
2020-07-10,93.36314392089844
2020-07-13,92.93244171142578
2020-07-14,94.47032928466797
2020-07-15,95.1200180053711
2020-07-16,93.94957733154297
2020-07-17,93.75978088378906
2020-07-20,95.73566436767578
2020-07-21,94.41434478759766
2020-07-22,94.67958068847656
2020-07-23,90.3701171875
2020-07-24,90.14623260498047
2020-07-27,92.28272247314453
2020-07-28,90.76675415039062
2020-07-29,92.5066146850586
2020-07-30,93.6259536743164
2020-07-31,103.42752075195312
2020-08-03,106.03363800048828
2020-08-04,106.74174499511719
2020-08-05,107.12865447998047
2020-08-06,110.86627960205078
2020-08-07,108.34566497802734
2020-08-10,109.92044067382812
2020-08-11,106.65142822265625
2020-08-12,110.19590759277344
2020-08-13,112.14611053466797
2020-08-14,112.04615020751953
2020-08-17,111.75362396240234
2020-08-18,112.68485260009766
2020-08-19,112.82623291015625
2020-08-20,115.3298110961914
2020-08-21,121.27304077148438
2020-08-24,122.72350311279297
2020-08-25,121.71669006347656
2020-08-26,123.37193298339844
2020-08-27,121.8970947265625
2020-08-28,121.69963073730469
2020-08-31,125.82670593261719
2020-09-01,130.83871459960938
2020-09-02,128.12794494628906
2020-09-03,117.86993408203125
2020-09-04,117.94792938232422
2020-09-08,110.01062774658203
2020-09-09,114.3985824584961
2020-09-10,110.66394805908203
2020-09-11,109.21107482910156
2020-09-14,112.48739624023438
2020-09-15,112.66291046142578
2020-09-16,109.33779907226562
2020-09-17,107.5924072265625
2020-09-18,104.17955780029297
2020-09-21,107.33885955810547
2020-09-22,109.02578735351562
2020-09-23,104.45256805419922
2020-09-24,105.52519989013672
2020-09-25,109.48410034179688
2020-09-28,112.09734344482422
2020-09-29,111.24900817871094
2020-09-30,112.92618560791016
2020-10-01,113.88178253173828
2020-10-02,110.20565795898438
2020-10-05,113.5989990234375
2020-10-06,110.34217834472656
2020-10-07,112.21436309814453
2020-10-08,112.10709381103516
2020-10-09,114.05730438232422
2020-10-12,121.30228424072266
2020-10-13,118.08447265625
2020-10-14,118.17222595214844
2020-10-15,117.70417022705078
2020-10-16,116.05623626708984
2020-10-19,113.09196472167969
2020-10-20,114.58385467529297
2020-10-21,113.95980072021484
2020-10-22,112.86768341064453
2020-10-23,112.17536926269531
2020-10-26,112.18511962890625
2020-10-27,113.69649505615234
2020-10-28,108.43096923828125
2020-10-29,112.44839477539062
2020-10-30,106.14925384521484
2020-11-02,106.06149291992188
2020-11-03,107.68991088867188
2020-11-04,112.08760070800781
2020-11-05,116.06600189208984
2020-11-06,115.93415069580078
2020-11-09,113.61917877197266
2020-11-10,113.27729797363281
2020-11-11,116.71558380126953
2020-11-12,116.44206237792969
2020-11-13,116.49091339111328
2020-11-16,117.50675201416016
2020-11-17,116.61787414550781
2020-11-18,115.28947448730469
2020-11-19,115.88529205322266
2020-11-20,114.61549377441406
2020-11-23,111.20653533935547
2020-11-24,112.49586486816406
2020-11-25,113.3359146118164
2020-11-27,113.88290405273438
2020-11-30,116.28577423095703
2020-12-01,119.8705825805664
2020-12-02,120.22220611572266
2020-12-03,120.08546447753906
2020-12-04,119.41149139404297
2020-12-07,120.87666320800781
2020-12-08,121.49202728271484
2020-12-09,118.952392578125
2020-12-10,120.37847900390625
2020-12-11,119.5677719116211
2020-12-14,118.952392578125
2020-12-15,124.9107437133789
2020-12-16,124.8423843383789
2020-12-17,125.71170806884766
2020-12-18,123.71907806396484
2020-12-21,125.25263214111328
2020-12-22,128.81790161132812
2020-12-23,127.91927337646484
2020-12-24,128.90576171875
2020-12-28,133.51620483398438
2020-12-29,131.7384033203125
2020-12-30,130.6151580810547
2020-12-31,129.60906982421875
2021-01-04,126.40522003173828
2021-01-05,127.96806335449219
2021-01-06,123.66048431396484
2021-01-07,127.88017272949219
2021-01-08,128.98391723632812
2021-01-11,125.98519897460938
2021-01-12,125.80938720703125
2021-01-13,127.8508529663086
2021-01-14,125.91683197021484
2021-01-15,124.18793487548828
2021-01-19,124.86193084716797
2021-01-20,128.9644012451172
2021-01-21,133.6920166015625
2021-01-22,135.8409423828125
2021-01-25,139.6015625
2021-01-26,139.83599853515625
2021-01-27,138.76148986816406
2021-01-28,133.90692138671875
2021-01-29,128.89601135253906
2021-02-01,131.02540588378906
2021-02-02,131.85569763183594
2021-02-03,130.83004760742188
2021-02-04,134.19992065429688
2021-02-05,133.78421020507812
2021-02-08,133.93092346191406
2021-02-09,133.05050659179688
2021-02-10,132.4440155029297
2021-02-11,132.18966674804688
2021-02-12,132.4244384765625
2021-02-16,130.29188537597656
2021-02-17,127.99303436279297
2021-02-18,126.88761138916016
2021-02-19,127.04412841796875
2021-02-22,123.2583236694336
2021-02-23,123.1213607788086
2021-02-24,122.62248229980469
2021-02-25,118.35734558105469
2021-02-26,118.62145233154297
2021-03-01,125.00936889648438
2021-03-02,122.39747619628906
2021-03-03,119.404052734375
2021-03-04,117.51605224609375
2021-03-05,118.77798461914062
2021-03-08,113.82807159423828
2021-03-09,118.45516204833984
2021-03-10,117.36931610107422
2021-03-11,119.30623626708984
2021-03-12,118.39645385742188
2021-03-15,121.29204559326172
2021-03-16,122.8376693725586
2021-03-17,122.0453109741211
2021-03-18,117.9073486328125
2021-03-19,117.37908935546875
2021-03-22,120.70511627197266
2021-03-23,119.87361145019531
2021-03-24,117.4769058227539
2021-03-25,117.96603393554688
2021-03-26,118.57254791259766
2021-03-29,118.7486343383789
2021-03-30,117.29106140136719
2021-03-31,119.49209594726562
2021-04-01,120.32361602783203
2021-04-05,123.16049194335938
2021-04-06,123.46372985839844
2021-04-07,125.11697387695312
2021-04-08,127.52345275878906
2021-04-09,130.10601806640625
2021-04-12,128.38430786132812
2021-04-13,131.5048828125
2021-04-14,129.15711975097656
2021-04-15,131.57334899902344
2021-04-16,131.24078369140625
2021-04-19,131.90594482421875
2021-04-20,130.21359252929688
2021-04-21,130.5951385498047
2021-04-22,129.0690460205078
2021-04-23,131.39730834960938
2021-04-26,131.78857421875
2021-04-27,131.46575927734375
2021-04-28,130.67337036132812
2021-04-29,130.57559204101562
2021-04-30,128.5995330810547
2021-05-03,129.656005859375
2021-05-04,125.06806182861328
2021-05-05,125.31263732910156
2021-05-06,126.91696166992188
2021-05-07,127.59307861328125
2021-05-10,124.30060577392578
2021-05-11,123.37950134277344
2021-05-12,120.3025894165039
2021-05-13,122.4583969116211
2021-05-14,124.88853454589844
2021-05-17,123.73226165771484
2021-05-18,122.34081268310547
2021-05-19,122.18402862548828
2021-05-20,124.75135040283203
2021-05-21,122.90914154052734
2021-05-24,124.54558563232422
2021-05-25,124.349609375
2021-05-26,124.30060577392578
2021-05-27,122.76216125488281
2021-05-28,122.10562896728516
2021-06-01,121.78227233886719
2021-06-02,122.54658508300781
2021-06-03,121.05712890625
2021-06-04,123.35990142822266
2021-06-07,123.36968994140625
2021-06-08,124.19281005859375
2021-06-09,124.57498168945312
2021-06-10,123.57546997070312
2021-06-11,124.79056549072266
2021-06-14,127.857666015625
2021-06-15,127.0345230102539
2021-06-16,127.53427124023438
2021-06-17,129.14134216308594
2021-06-18,127.83805084228516
2021-06-21,129.64105224609375
2021-06-22,131.2873077392578
2021-06-23,131.01295471191406
2021-06-24,130.728759765625
2021-06-25,130.4347686767578
2021-06-28,132.0712127685547
2021-06-29,133.590087890625
2021-06-30,134.20741271972656
2021-07-01,134.51116943359375
2021-07-02,137.14712524414062
2021-07-06,139.1657257080078
2021-07-07,141.66445922851562
2021-07-08,140.36122131347656
2021-07-09,142.19363403320312
2021-07-12,141.5959014892578
2021-07-13,142.71295166015625
2021-07-14,146.1524200439453
2021-07-15,145.4958953857422
2021-07-16,143.4479217529297
2021-07-19,139.5870819091797
2021-07-20,143.21270751953125
2021-07-21,142.477783203125
2021-07-22,143.84967041015625
2021-07-23,145.57431030273438
2021-07-26,145.9956512451172
2021-07-27,143.82025146484375
2021-07-28,142.06625366210938
2021-07-29,142.71295166015625
2021-07-30,142.92852783203125
2021-08-02,142.59535217285156
2021-08-03,144.39837646484375
2021-08-04,143.9966278076172
2021-08-05,144.10443115234375
2021-08-06,143.41746520996094
2021-08-09,143.368408203125
2021-08-10,142.88755798339844
2021-08-11,143.14266967773438
2021-08-12,146.11624145507812
2021-08-13,146.3223419189453
2021-08-16,148.3046875
2021-08-17,147.39202880859375
2021-08-18,143.6333465576172
2021-08-19,143.967041015625
2021-08-20,145.4292755126953
2021-08-23,146.9209747314453
2021-08-24,146.8326416015625
2021-08-25,145.5961151123047
2021-08-26,144.79139709472656
2021-08-27,145.83163452148438
2021-08-30,150.26739501953125
2021-08-31,149.00144958496094
2021-09-01,149.66879272460938
2021-09-02,150.7875518798828
2021-09-03,151.42544555664062
2021-09-07,153.77093505859375
2021-09-08,152.22035217285156
2021-09-09,151.1997528076172
2021-09-10,146.1947784423828
2021-09-13,146.7639617919922
2021-09-14,145.36056518554688
2021-09-15,146.25363159179688
2021-09-16,146.01809692382812
2021-09-17,143.3389892578125
2021-09-20,140.27711486816406
2021-09-21,140.75791931152344
2021-09-22,143.13287353515625
2021-09-23,144.0946044921875
2021-09-24,144.18295288085938
2021-09-27,142.66180419921875
2021-09-28,139.26626586914062
2021-09-29,140.1691436767578
2021-09-30,138.86392211914062
2021-10-01,139.9924774169922
2021-10-04,136.54786682128906
2021-10-05,138.48118591308594
2021-10-06,139.35458374023438
2021-10-07,140.62057495117188
2021-10-08,140.23780822753906
2021-10-11,140.14952087402344
2021-10-12,138.87371826171875
2021-10-13,138.28488159179688
2021-10-14,141.081787109375
2021-10-15,142.14169311523438
2021-10-18,143.81985473632812
2021-10-19,145.98866271972656
2021-10-20,146.47930908203125
2021-10-21,146.69525146484375
2021-10-22,145.9199676513672
2021-10-25,145.87091064453125
2021-10-26,146.5382537841797
2021-10-27,146.07696533203125
2021-10-28,149.72769165039062
2021-10-29,147.0093231201172
2021-11-01,146.18496704101562
2021-11-02,147.22518920898438
2021-11-03,148.6678009033203
2021-11-04,148.14767456054688
2021-11-05,148.67840576171875
2021-11-08,147.85284423828125
2021-11-09,148.21644592285156
2021-11-10,145.37615966796875
2021-11-11,145.32704162597656
2021-11-12,147.4105682373047
2021-11-15,147.42041015625
2021-11-16,148.40321350097656
2021-11-17,150.8503875732422
2021-11-18,155.15505981445312
2021-11-19,157.7890167236328
2021-11-22,158.2509002685547
2021-11-23,158.63418579101562
2021-11-24,159.1551055908203
2021-11-26,154.11329650878906
2021-11-29,157.4842987060547
2021-11-30,162.457275390625
2021-12-01,161.9364013671875
2021-12-02,160.94374084472656
2021-12-03,159.05677795410156
2021-12-06,162.47695922851562
2021-12-07,168.2361602783203
2021-12-08,172.06910705566406
2021-12-09,171.55801391601562
2021-12-10,176.36390686035156
2021-12-13,172.71771240234375
2021-12-14,171.33200073242188
2021-12-15,176.21652221679688
2021-12-16,169.29757690429688
2021-12-17,168.19683837890625
2021-12-20,166.8307647705078
2021-12-21,170.01504516601562
2021-12-22,172.61944580078125
2021-12-23,173.2484588623047
2021-12-27,177.2288055419922
2021-12-28,176.2066650390625
2021-12-29,176.2951202392578
2021-12-30,175.1354217529297
2021-12-31,174.51629638671875
2022-01-03,178.87991333007812
2022-01-04,176.60964965820312
2022-01-05,171.91184997558594
2022-01-06,169.04205322265625
2022-01-07,169.20913696289062
2022-01-10,169.22882080078125
2022-01-11,172.06910705566406
2022-01-12,172.51133728027344
2022-01-13,169.22882080078125
2022-01-14,170.09364318847656
2022-01-18,166.8799285888672
2022-01-19,163.3712921142578
2022-01-20,161.6808624267578
2022-01-21,159.61697387695312
2022-01-24,158.84056091308594
2022-01-25,157.03219604492188
2022-01-26,156.94375610351562
2022-01-27,156.4818572998047
2022-01-28,167.40078735351562
2022-01-31,171.77423095703125
2022-02-01,171.607177734375
2022-02-02,172.81602478027344
2022-02-03,169.9265594482422
2022-02-04,169.64120483398438
2022-02-07,168.9228515625
2022-02-08,172.04232788085938
2022-02-09,173.4691925048828
2022-02-10,169.37548828125
2022-02-11,165.95103454589844
2022-02-14,166.1871795654297
2022-02-15,170.03482055664062
2022-02-16,169.79869079589844
2022-02-17,166.1871795654297
2022-02-18,164.63235473632812
2022-02-22,161.69989013671875
2022-02-23,157.51766967773438
2022-02-24,160.14508056640625
2022-02-25,162.221435546875
2022-02-28,162.4871368408203
2022-03-01,160.59776306152344
2022-03-02,163.90414428710938
2022-03-03,163.57943725585938
2022-03-04,160.56822204589844
2022-03-07,156.75994873046875
2022-03-08,154.92959594726562
2022-03-09,160.3517303466797
2022-03-10,155.99240112304688
2022-03-11,152.26278686523438
2022-03-14,148.2183380126953
2022-03-15,152.6170654296875
2022-03-16,157.04531860351562
2022-03-17,158.05889892578125
2022-03-18,161.3653106689453
2022-03-21,162.7429962158203
2022-03-22,166.1281280517578
2022-03-23,167.49603271484375
2022-03-24,171.29441833496094
2022-03-25,171.93405151367188
2022-03-28,172.80003356933594
2022-03-29,176.1064453125
2022-03-30,174.93544006347656
2022-03-31,171.82582092285156
2022-04-01,171.5305938720703
2022-04-04,175.5947723388672
2022-04-05,172.26864624023438
2022-04-06,169.0901336669922
2022-04-07,169.3951873779297
2022-04-08,167.3778839111328
2022-04-11,163.10711669921875
2022-04-12,164.98663330078125
2022-04-13,167.68295288085938
2022-04-14,162.6544189453125
2022-04-18,162.43792724609375
2022-04-19,164.73077392578125
2022-04-20,164.56349182128906
2022-04-21,163.76638793945312
2022-04-22,159.21022033691406
2022-04-25,160.2828826904297
2022-04-26,154.29977416992188
2022-04-27,154.073486328125
2022-04-28,161.0307159423828
2022-04-29,155.13623046875
2022-05-02,155.44129943847656
2022-05-03,156.93707275390625
2022-05-04,163.37278747558594
2022-05-05,154.2703094482422
2022-05-06,154.99954223632812
2022-05-09,149.855224609375
2022-05-10,152.26971435546875
2022-05-11,144.3758544921875
2022-05-12,140.49298095703125
2022-05-13,144.9770050048828
2022-05-16,143.4297637939453
2022-05-17,147.0761260986328
2022-05-18,138.77821350097656
2022-05-19,135.35850524902344
2022-05-20,135.59503173828125
2022-05-23,141.0349884033203
2022-05-24,138.32489013671875
2022-05-25,138.48257446289062
2022-05-26,141.69529724121094
2022-05-27,147.47032165527344
2022-05-31,146.68191528320312
2022-06-01,146.55381774902344
2022-06-02,149.01754760742188
2022-06-03,143.27207946777344
2022-06-06,144.0210723876953
2022-06-07,146.55381774902344
2022-06-08,145.81471252441406
2022-06-09,140.57179260253906
2022-06-10,135.14173889160156
2022-06-13,129.9678192138672
2022-06-14,130.83506774902344
2022-06-15,133.4663543701172
2022-06-16,128.1742401123047
2022-06-17,129.65248107910156
2022-06-21,133.8999786376953
2022-06-22,133.3875274658203
2022-06-23,136.2651824951172
2022-06-24,139.60601806640625
2022-06-27,139.60601806640625
2022-06-28,135.44720458984375
2022-06-29,137.21124267578125
2022-06-30,134.73765563964844
2022-07-01,136.91561889648438
2022-07-05,139.50747680664062
2022-07-06,140.84776306152344
2022-07-07,144.22801208496094
2022-07-08,144.90802001953125
2022-07-11,142.76947021484375
2022-07-12,143.7451171875
2022-07-13,143.3804931640625
2022-07-14,146.3173065185547
2022-07-15,147.99264526367188
2022-07-18,144.93759155273438
2022-07-19,148.8106231689453
2022-07-20,150.8209991455078
2022-07-21,153.09754943847656
2022-07-22,151.85577392578125
2022-07-25,150.73233032226562
2022-07-26,149.40191650390625
2022-07-27,154.51663208007812
2022-07-28,155.0685272216797
2022-07-29,160.15371704101562
2022-08-01,159.168212890625
2022-08-02,157.68995666503906
2022-08-03,163.7212371826172
2022-08-04,163.4058380126953
2022-08-05,163.17889404296875
2022-08-08,162.70516967773438
2022-08-09,162.7545166015625
2022-08-10,167.01780700683594
2022-08-11,166.2776641845703
2022-08-12,169.84027099609375
2022-08-15,170.91592407226562
2022-08-16,170.758056640625
2022-08-17,172.25808715820312
2022-08-18,171.86331176757812
2022-08-19,169.2678680419922
2022-08-22,165.36973571777344
2022-08-23,165.0342254638672
2022-08-24,165.3302764892578
2022-08-25,167.7974395751953
2022-08-26,161.47161865234375
2022-08-29,159.26101684570312
2022-08-30,156.82347106933594
2022-08-31,155.15562438964844
2022-09-01,155.8859100341797
2022-09-02,153.76412963867188
2022-09-06,152.5009307861328
2022-09-07,153.91217041015625
2022-09-08,152.43185424804688
2022-09-09,155.30368041992188
2022-09-12,161.28408813476562
2022-09-13,151.8200225830078
2022-09-14,153.2707061767578
2022-09-15,150.36932373046875
2022-09-16,148.72125244140625
2022-09-19,152.4516143798828
2022-09-20,154.83982849121094
2022-09-21,151.7015838623047
2022-09-22,150.73448181152344
2022-09-23,148.45477294921875
2022-09-26,148.7903289794922
2022-09-27,149.76730346679688
2022-09-28,147.87254333496094
2022-09-29,140.6091766357422
2022-09-30,136.38536071777344
2022-10-03,140.57957458496094
2022-10-04,144.18165588378906
2022-10-05,144.4777069091797
2022-10-06,143.5204315185547
2022-10-07,138.25054931640625
2022-10-10,138.57620239257812
2022-10-11,137.15512084960938
2022-10-12,136.52352905273438
2022-10-13,141.11248779296875
2022-10-14,136.56300354003906
2022-10-17,140.54006958007812
2022-10-18,141.86248779296875
2022-10-19,141.97105407714844
2022-10-20,141.50721740722656
2022-10-21,145.3362579345703
2022-10-24,147.48764038085938
2022-10-25,150.33970642089844
2022-10-26,147.38897705078125
2022-10-27,142.89871215820312
2022-10-28,153.69508361816406
2022-10-31,151.32656860351562
2022-11-01,148.67190551757812
2022-11-02,143.12567138671875
2022-11-03,137.0564422607422
2022-11-04,136.78955078125
2022-11-07,137.32334899902344
2022-11-08,137.89669799804688
2022-11-09,133.31988525390625
2022-11-10,145.1819610595703
2022-11-11,147.9794158935547
2022-11-14,146.57577514648438
2022-11-15,148.31552124023438
2022-11-16,147.0799102783203
2022-11-17,148.9877471923828
2022-11-18,149.55116271972656
2022-11-21,146.30886840820312
2022-11-22,148.4539337158203
2022-11-23,149.33370971679688
2022-11-25,146.40774536132812
2022-11-28,142.56243896484375
2022-11-29,139.54747009277344
2022-11-30,146.3286590576172
2022-12-01,146.6054229736328
2022-12-02,146.11114501953125
2022-12-05,144.94471740722656
2022-12-06,141.26748657226562
2022-12-07,139.32012939453125
2022-12-08,141.01046752929688
2022-12-09,140.52609252929688
2022-12-12,142.82933044433594
2022-12-13,143.79806518554688
2022-12-14,141.56402587890625
2022-12-15,134.93115234375
2022-12-16,132.96401977539062
2022-12-19,130.84861755371094
2022-12-20,130.77943420410156
2022-12-21,133.89321899414062
2022-12-22,130.71022033691406
2022-12-23,130.34449768066406
2022-12-27,128.53549194335938
2022-12-28,124.59138488769531
2022-12-29,128.1203155517578
2022-12-30,128.43666076660156
2023-01-03,123.63253021240234
2023-01-04,124.90770721435547
2023-01-05,123.58309936523438
2023-01-06,128.13023376464844
2023-01-09,128.65411376953125
2023-01-10,129.22747802734375
2023-01-11,131.95578002929688
2023-01-12,131.87667846679688
2023-01-13,133.21116638183594
2023-01-17,134.37759399414062
2023-01-18,133.65599060058594
2023-01-19,133.71531677246094
2023-01-20,136.28541564941406
2023-01-23,139.48817443847656
2023-01-24,140.89183044433594
2023-01-25,140.2295684814453
2023-01-26,142.30543518066406
2023-01-27,144.25277709960938
2023-01-30,141.3564453125
2023-01-31,142.6316375732422
2023-02-01,143.7584991455078
2023-02-02,149.08657836914062
2023-02-03,152.72425842285156
2023-02-06,149.98609924316406
2023-02-07,152.87254333496094
2023-02-08,150.17391967773438
2023-02-09,149.135986328125
2023-02-10,149.5023193359375
2023-02-13,152.31398010253906
2023-02-14,151.67042541503906
2023-02-15,153.77919006347656
2023-02-16,152.1753692626953
2023-02-17,151.02694702148438
2023-02-21,146.99755859375
2023-02-22,147.4232940673828
2023-02-23,147.90838623046875
2023-02-24,145.2452392578125
2023-02-27,146.443115234375
2023-02-28,145.93824768066406
2023-03-01,143.8592071533203
2023-03-02,144.4532470703125
2023-03-03,149.5220947265625
2023-03-06,152.29415893554688
2023-03-07,150.08642578125
2023-03-08,151.34375
2023-03-09,149.0865020751953
2023-03-10,147.0173797607422
2023-03-13,148.9676971435547
2023-03-14,151.06654357910156
2023-03-15,151.4625244140625
2023-03-16,154.29397583007812
2023-03-17,153.4524688720703
2023-03-20,155.82850646972656
2023-03-21,157.68975830078125
2023-03-22,156.2542266845703
2023-03-23,157.34323120117188
2023-03-24,158.6500701904297
2023-03-27,156.69970703125
2023-03-28,156.07601928710938
2023-03-29,159.1648712158203
2023-03-30,160.73899841308594
2023-03-31,163.2536163330078
2023-04-03,164.5109405517578
2023-04-04,163.97634887695312
2023-04-05,162.125
2023-04-06,163.0160369873047
2023-04-10,160.4122772216797
2023-04-11,159.19456481933594
2023-04-12,158.5015411376953
2023-04-13,163.9070281982422
2023-04-14,163.56053161621094
2023-04-17,163.580322265625
2023-04-18,164.80796813964844
2023-04-19,165.95635986328125
2023-04-20,164.98614501953125
2023-04-21,163.37245178222656
2023-04-24,163.67935180664062
2023-04-25,162.13494873046875
2023-04-26,162.125
2023-04-27,166.7285919189453
2023-04-28,167.98590087890625
2023-05-01,167.8968048095703
2023-05-02,166.85728454589844
2023-05-03,165.7781524658203
2023-05-04,164.13473510742188
2023-05-05,171.8370819091797
2023-05-08,171.76776123046875
2023-05-09,170.0550537109375
2023-05-10,171.8271942138672
2023-05-11,172.01527404785156
2023-05-12,171.0833740234375
2023-05-15,170.58767700195312
2023-05-16,170.58767700195312
2023-05-17,171.20233154296875
2023-05-18,173.5419921875
2023-05-19,173.65103149414062
2023-05-22,172.69932556152344
2023-05-23,170.0820770263672
2023-05-24,170.35964965820312
2023-05-25,171.49974060058594
2023-05-26,173.91871643066406
2023-05-30,175.77264404296875
2023-05-31,175.72305297851562
2023-06-01,178.53857421875
2023-06-02,179.3911895751953
2023-06-05,178.03297424316406
2023-06-06,177.66616821289062
2023-06-07,176.28814697265625
2023-06-08,179.0144500732422
2023-06-09,179.40110778808594
2023-06-12,182.2067108154297
2023-06-13,181.7308349609375
2023-06-14,182.36534118652344
2023-06-15,184.40757751464844
2023-06-16,183.32696533203125
2023-06-20,183.41619873046875
2023-06-21,182.37525939941406
2023-06-22,185.38906860351562
2023-06-23,185.0718231201172
2023-06-26,183.67396545410156
2023-06-27,186.43991088867188
2023-06-28,187.6196746826172
2023-06-29,187.95675659179688
2023-06-30,192.29901123046875
2023-07-03,190.80201721191406
2023-07-05,189.6817626953125
2023-07-06,190.15760803222656
2023-07-07,189.037353515625
2023-07-10,186.9851837158203
2023-07-11,186.4597625732422
2023-07-12,188.1352081298828
2023-07-13,188.89857482910156
2023-07-14,189.04725646972656
2023-07-17,192.31884765625
2023-07-18,192.0610809326172
2023-07-19,193.4192657470703
2023-07-20,191.4662628173828
2023-07-21,190.28652954101562
2023-07-24,191.08949279785156
2023-07-25,191.9520263671875
2023-07-26,192.82443237304688
2023-07-27,191.55548095703125
2023-07-28,194.14300537109375
2023-07-31,194.7576446533203
2023-08-01,193.9248809814453
2023-08-02,190.9209747314453
2023-08-03,189.52313232421875
2023-08-04,180.42221069335938
2023-08-07,177.30929565429688
2023-08-08,178.25108337402344
2023-08-09,176.65493774414062
2023-08-10,176.43685913085938
2023-08-11,176.49639892578125
2023-08-14,178.15426635742188
2023-08-15,176.1588592529297
2023-08-16,175.28529357910156
2023-08-17,172.7340087890625
2023-08-18,173.22044372558594
2023-08-21,174.5605926513672
2023-08-22,175.9404754638672
2023-08-23,179.8021697998047
2023-08-24,175.09666442871094
2023-08-25,177.3104705810547
2023-08-28,178.87896728515625
2023-08-29,182.78036499023438
2023-08-30,186.28466796875
2023-08-31,186.5030517578125
2023-09-01,188.0814971923828
2023-09-05,188.31973266601562
2023-09-06,181.57916259765625
2023-09-07,176.26809692382812
2023-09-08,176.8835906982422
2023-09-11,178.05499267578125
2023-09-12,175.0172576904297
2023-09-13,172.94248962402344
2023-09-14,174.46133422851562
2023-09-15,173.7366180419922
2023-09-18,176.67510986328125
2023-09-19,177.76712036132812
2023-09-20,174.21316528320312
2023-09-21,172.6645050048828
2023-09-22,173.5182342529297
2023-09-25,174.79885864257812
2023-09-26,170.70884704589844
2023-09-27,169.18995666503906
2023-09-28,169.44805908203125
2023-09-29,169.96429443359375
2023-10-02,172.48580932617188
2023-10-03,171.1456298828125
2023-10-04,172.39645385742188
2023-10-05,173.63734436035156
2023-10-06,176.1986083984375
2023-10-09,177.6876983642578
2023-10-10,177.09205627441406
2023-10-11,178.49179077148438
2023-10-12,179.3951873779297
2023-10-13,177.54872131347656
2023-10-16,177.41964721679688
2023-10-17,175.86105346679688
2023-10-18,174.5605926513672
2023-10-19,174.18338012695312
2023-10-20,171.6221466064453
2023-10-23,171.7412567138672
2023-10-24,172.17808532714844
2023-10-25,169.8551025390625
2023-10-26,165.6757354736328
2023-10-27,166.99603271484375
2023-10-30,169.05096435546875
2023-10-31,169.52749633789062
2023-11-01,172.7042236328125
2023-11-02,176.27801513671875
2023-11-03,175.3647003173828
2023-11-06,177.92591857910156
2023-11-07,180.49710083007812
2023-11-08,181.559326171875
2023-11-09,181.08279418945312
2023-11-10,185.2875518798828
2023-11-13,183.6970977783203
2023-11-14,186.32135009765625
2023-11-15,186.887939453125
2023-11-16,188.5778045654297
2023-11-17,188.5579071044922
2023-11-20,190.30740356445312
2023-11-21,189.50222778320312
2023-11-22,190.16822814941406
2023-11-24,188.83624267578125
2023-11-27,188.65731811523438
2023-11-28,189.26365661621094
2023-11-29,188.2398223876953
2023-11-30,188.8163604736328
2023-12-01,190.09866333007812
2023-12-04,188.29946899414062
2023-12-05,192.26565551757812
2023-12-06,191.17221069335938
2023-12-07,193.11058044433594
2023-12-08,194.54197692871094
2023-12-11,192.02708435058594
2023-12-12,193.5479736328125
2023-12-13,196.778564453125
2023-12-14,196.92767333984375
2023-12-15,196.39089965820312
2023-12-18,194.7209014892578
2023-12-19,195.7646484375
2023-12-20,193.66725158691406
2023-12-21,193.5181121826172
2023-12-22,192.444580078125
2023-12-26,191.89788818359375
2023-12-27,191.9972686767578
2023-12-28,192.4247283935547
2023-12-29,191.38096618652344
2024-01-02,184.53208923339844
2024-01-03,183.150390625
2024-01-04,180.82435607910156
2024-01-05,180.09869384765625
2024-01-08,184.4525604248047
2024-01-09,184.03506469726562
2024-01-10,185.0788116455078
2024-01-11,184.48236083984375
2024-01-12,184.81039428710938
2024-01-16,182.53408813476562
2024-01-17,181.58975219726562
2024-01-18,187.50424194335938
2024-01-19,190.41676330566406
2024-01-22,192.73284912109375
2024-01-23,194.01513671875
2024-01-24,193.33920288085938
2024-01-25,193.0111541748047
2024-01-26,191.2716064453125
2024-01-29,190.58575439453125
2024-01-30,186.9177703857422
2024-01-31,183.2994842529297
2024-02-01,185.74481201171875
2024-02-02,184.74082946777344
2024-02-05,186.55990600585938
2024-02-06,188.17025756835938
2024-02-07,188.2795867919922
2024-02-08,187.19610595703125
2024-02-09,187.9624786376953
2024-02-12,186.27044677734375
2024-02-13,184.1703643798828
2024-02-14,183.2845458984375
2024-02-15,182.9959259033203
2024-02-16,181.4532012939453
2024-02-20,180.7067108154297
2024-02-21,181.4631805419922
2024-02-22,183.50352478027344
2024-02-23,181.66221618652344
2024-02-26,180.30862426757812
2024-02-27,181.77169799804688
2024-02-28,180.56739807128906
2024-02-29,179.90054321289062
2024-03-01,178.81565856933594
2024-03-04,174.27708435058594
2024-03-05,169.3204803466797
2024-03-06,168.32518005371094
2024-03-07,168.2057647705078
2024-03-08,169.92762756347656
2024-03-11,171.93814086914062
2024-03-12,172.41586303710938
2024-03-13,170.3257598876953
2024-03-14,172.18695068359375
2024-03-15,171.80873107910156
2024-03-18,172.90357971191406
2024-03-19,175.2524871826172
2024-03-20,177.83030700683594
2024-03-21,170.5646209716797
2024-03-22,171.47035217285156
2024-03-25,170.0470733642578
2024-03-26,168.9124298095703
2024-03-27,172.49551391601562
2024-03-28,170.67408752441406
2024-04-01,169.23092651367188
2024-04-02,168.0465087890625
2024-04-03,168.85269165039062
2024-04-04,168.02662658691406
2024-04-05,168.78302001953125
2024-04-08,167.65834045410156
2024-04-09,168.8726043701172
2024-04-10,166.99148559570312
2024-04-11,174.21737670898438
2024-04-12,175.72027587890625
2024-04-15,171.87841796875
2024-04-16,168.583984375
2024-04-17,167.21046447753906
2024-04-18,166.25494384765625
2024-04-19,164.2245635986328
2024-04-22,165.06060791015625
2024-04-23,166.11561584472656
2024-04-24,168.22567749023438
2024-04-25,169.09158325195312
2024-04-26,168.50433349609375
2024-04-29,172.68460083007812
2024-04-30,169.5294952392578
2024-05-01,168.50433349609375
2024-05-02,172.21682739257812
2024-05-03,182.5181884765625
2024-05-06,180.8560333251953
2024-05-07,181.54278564453125
2024-05-08,181.8811798095703
2024-05-09,183.70260620117188
2024-05-10,182.4368438720703
2024-05-13,185.656005859375
2024-05-14,186.8021697998047
2024-05-15,189.08450317382812
2024-05-16,189.2041015625
2024-05-17,189.23399353027344
2024-05-20,190.40008544921875
2024-05-21,191.70570373535156
2024-05-22,190.2605438232422
2024-05-23,186.25401306152344
2024-05-24,189.3436279296875
2024-05-28,189.3535919189453
2024-05-29,189.652587890625
2024-05-30,190.6492462158203
2024-05-31,191.60601806640625
2024-06-03,193.38006591796875
2024-06-04,193.69898986816406
2024-06-05,195.21389770507812
2024-06-06,193.8285675048828
2024-06-07,196.23046875
2024-06-10,192.4730987548828
2024-06-11,206.45611572265625
2024-06-12,212.35630798339844
2024-06-13,213.52236938476562
2024-06-14,211.77822875976562
2024-06-17,215.94422912597656
2024-06-18,213.5721893310547
2024-06-20,208.97763061523438
2024-06-21,206.79498291015625
2024-06-24,207.44281005859375
2024-06-25,208.36968994140625
2024-06-26,212.5356903076172
2024-06-27,213.3828582763672
2024-06-28,209.9144744873047
2024-07-01,216.02395629882812
2024-07-02,219.53216552734375
2024-07-03,220.80789184570312
2024-07-05,225.5818328857422
2024-07-08,227.056884765625
2024-07-09,227.9139862060547
2024-07-10,232.19960021972656
2024-07-11,226.80772399902344
2024-07-12,229.76776123046875
2024-07-15,233.61483764648438
2024-07-16,234.03343200683594
2024-07-17,228.1133270263672
2024-07-18,223.4290771484375
2024-07-19,223.55862426757812
2024-07-22,223.20980834960938
2024-07-23,224.25628662109375
2024-07-24,217.80796813964844
2024-07-25,216.76148986816406
2024-07-26,217.2299041748047
2024-07-29,217.50897216796875
2024-07-30,218.0670928955078
2024-07-31,221.3361053466797
2024-08-01,217.62857055664062
2024-08-02,219.12355041503906
2024-08-05,208.5690155029297
2024-08-06,206.53585815429688
2024-08-07,209.1171875
2024-08-08,212.59547424316406
2024-08-09,215.51568603515625
2024-08-12,217.0522918701172
2024-08-13,220.78407287597656
2024-08-14,221.23309326171875
2024-08-15,224.22650146484375
2024-08-16,225.5535888671875
2024-08-19,225.39393615722656
2024-08-20,226.0125732421875
2024-08-21,225.90280151367188
2024-08-22,224.03692626953125
2024-08-23,226.3418426513672
2024-08-26,226.68109130859375
2024-08-27,227.5292205810547
2024-08-28,225.99261474609375
2024-08-29,229.28536987304688
2024-08-30,228.49710083007812
2024-09-03,222.28077697753906
2024-09-04,220.36500549316406
2024-09-05,221.89163208007812
2024-09-06,220.3350830078125
2024-09-09,220.42486572265625
2024-09-10,219.6266326904297
2024-09-11,222.1710205078125
2024-09-12,222.28077697753906
2024-09-13,222.01138305664062
2024-09-16,215.84495544433594
2024-09-17,216.31390380859375
2024-09-18,220.20535278320312
2024-09-19,228.3673858642578
2024-09-20,227.6988525390625
2024-09-23,225.97265625
2024-09-24,226.8706817626953
2024-09-25,225.8728790283203
2024-09-26,227.02035522460938
2024-09-27,227.2897491455078
2024-09-30,232.4883270263672
2024-10-01,225.71324157714844
2024-10-02,226.281982421875
2024-10-03,225.17440795898438
2024-10-04,226.30194091796875
2024-10-07,221.20315551757812
2024-10-08,225.27420043945312
2024-10-09,229.03591918945312
2024-10-10,228.53701782226562
2024-10-11,227.05029296875
2024-10-14,230.79205322265625
2024-10-15,233.33645629882812
2024-10-16,231.27099609375
2024-10-17,231.6401824951172
2024-10-18,234.48391723632812
2024-10-21,235.96067810058594
2024-10-22,235.342041015625
2024-10-23,230.25323486328125
2024-10-24,230.0636749267578
2024-10-25,230.9018096923828
2024-10-28,232.88743591308594
2024-10-29,233.15684509277344
2024-10-30,229.5946807861328
2024-10-31,225.4138946533203
2024-11-01,222.42047119140625
2024-11-04,221.52244567871094
2024-11-05,222.95928955078125
2024-11-06,222.23089599609375
2024-11-07,226.98043823242188
2024-11-08,226.7107391357422
2024-11-11,223.98373413085938
2024-11-12,223.98373413085938
2024-11-13,224.8727569580078
2024-11-14,227.9693603515625
2024-11-15,224.7528839111328
2024-11-18,227.7695770263672
2024-11-19,228.02928161621094
2024-11-20,228.7484893798828
2024-11-21,228.26902770996094
2024-11-22,229.61753845214844
2024-11-25,232.61424255371094
2024-11-26,234.8018341064453
2024-11-27,234.67198181152344
2024-11-29,237.06935119628906
2024-12-02,239.3268585205078
2024-12-03,242.3834991455078
2024-12-04,242.74310302734375
2024-12-05,242.7730712890625
2024-12-06,242.5732879638672
2024-12-09,246.47900390625
2024-12-10,247.4978790283203
2024-12-11,246.2192840576172
2024-12-12,247.68768310546875
2024-12-13,247.85748291015625
2024-12-16,250.7642822265625
2024-12-17,253.20159912109375
2024-12-18,247.77757263183594
2024-12-19,249.51565551757812
2024-12-20,254.21051025390625
2024-12-23,254.98965454101562
2024-12-24,257.91644287109375
2024-12-26,258.7355041503906
2024-12-27,255.30929565429688
2024-12-30,251.9230194091797
2024-12-31,250.1449737548828
2025-01-02,243.5821990966797
2025-01-03,243.0927276611328
2025-01-06,244.73092651367188
2025-01-07,241.94400024414062
2025-01-08,242.43344116210938
2025-01-10,236.58987426757812
2025-01-13,234.14256286621094
2025-01-14,233.02378845214844
2025-01-15,237.60874938964844
