Date,Open,High,Low,Close,Actual,Volume,Type
2024-12-31,195.0,195.0,185.07,187.54,190.44,20745103,Predicted
2025-01-04,192.72,192.72,187.99,190.5,158.88,20745103,Predicted
2025-01-05,160.78,171.91,160.78,170.26,162.79,20745103,Predicted
2025-01-07,164.74,164.74,160.89,163.03,176.91,20745103,Predicted
2025-01-08,179.03,179.03,166.16,168.38,189.95,20745103,Predicted
2025-01-10,192.23,192.23,177.82,180.19,245.54,20745103,Predicted
2025-01-13,248.48,248.48,207.86,210.63,192.29,20745103,Predicted
2025-01-14,194.59,198.38,193.89,196.48,191.05,20745103,Predicted
2025-01-15,193.34,193.34,183.38,185.83,196.98,20745103,Predicted
2025-01-16,199.34,199.34,185.03,187.5,194.41,20745103,Predicted
2025-01-17,196.74,196.74,191.17,193.72,197.55,20745103,Predicted
2025-01-21,199.92,199.92,187.81,190.32,199.63,20745103,Predicted
2025-01-22,202.02,202.02,188.3,190.81,200.03,20745103,Predicted
2025-01-23,202.43,202.43,188.21,190.72,199.58,20745103,Predicted
2025-01-24,201.97,201.97,187.07,189.57,201.9,20745103,Predicted
2025-01-27,204.32,204.32,195.15,197.75,193.77,20745103,Predicted
2025-01-28,196.09,196.09,190.98,193.52,197.07,20745103,Predicted
2025-01-29,199.43,199.43,190.93,193.48,197.18,20745103,Predicted
2025-01-30,199.54,199.54,191.71,194.27,202.63,20745103,Predicted
2025-01-31,205.06,205.06,191.14,193.69,205.6,20745103,Predicted
2025-02-01,208.06,208.06,200.57,203.25,190.63,20745103,Predicted
2025-02-04,192.91,195.98,191.55,194.1,158.86,20745103,Predicted
2025-02-05,160.76,172.02,160.76,170.37,165.81,20745103,Predicted
2025-02-06,167.8,167.8,161.51,163.66,170.37,20745103,Predicted
2025-02-07,172.41,172.41,164.98,167.18,179.76,20745103,Predicted
2025-02-09,181.91,181.91,168.91,171.16,211.99,20745103,Predicted
2025-02-10,214.53,214.53,190.37,192.91,246.43,20745103,Predicted
2025-02-13,249.38,249.38,210.06,212.86,187.88,20745103,Predicted
2025-02-14,190.13,198.1,190.13,196.2,186.87,20745103,Predicted
2025-02-18,189.11,189.11,180.44,182.84,185.8,20745103,Predicted
2025-02-19,188.03,188.03,183.38,185.83,187.13,20745103,Predicted
2025-02-20,189.37,189.37,181.18,183.59,186.64,20745103,Predicted
2025-02-21,188.88,188.88,175.82,178.16,181.58,20745103,Predicted
2025-02-24,183.76,183.76,173.48,175.79,181.19,20745103,Predicted
2025-02-25,183.36,183.36,172.35,174.65,177.37,20745103,Predicted
2025-02-26,179.5,179.5,171.0,173.28,174.7,20745103,Predicted
2025-02-27,176.79,179.71,175.65,177.99,170.21,20745103,Predicted
2025-02-28,172.25,172.25,166.42,168.63,172.22,20745103,Predicted
2025-03-01,174.28,174.28,168.46,170.7,193.13,20745103,Predicted
2025-03-02,195.44,195.44,180.95,183.36,202.64,20745103,Predicted
2025-03-03,205.07,205.07,189.45,191.98,168.66,20745103,Predicted
2025-03-04,170.68,180.66,170.68,178.93,152.63,20745103,Predicted
2025-03-06,154.46,160.36,154.46,158.83,167.71,20745103,Predicted
2025-03-07,169.72,169.72,160.99,163.14,180.55,20745103,Predicted
2025-03-09,182.71,182.71,169.28,171.54,231.1,20745103,Predicted
2025-03-10,233.87,233.87,202.28,204.97,246.45,20745103,Predicted
2025-03-11,249.4,249.4,213.89,216.74,284.12,20745103,Predicted
2025-03-13,287.52,287.52,237.1,240.26,164.73,20745103,Predicted
2025-03-14,166.7,201.04,166.7,199.12,167.62,20745103,Predicted
2025-03-17,169.63,174.67,169.63,173.0,166.57,20745103,Predicted
2025-03-18,168.57,172.04,168.15,170.39,162.67,20745103,Predicted
2025-03-19,164.62,166.06,162.31,164.47,166.28,20745103,Predicted
2025-03-20,168.27,168.27,157.96,160.07,165.05,20745103,Predicted
2025-03-21,167.03,167.03,157.42,159.52,166.25,20745103,Predicted
2025-03-24,168.24,168.24,163.03,165.21,169.93,20745103,Predicted
2025-03-25,171.97,171.97,165.18,167.39,172.79,20745103,Predicted
2025-03-26,174.86,174.86,169.13,171.39,167.14,20745103,Predicted
2025-03-27,169.14,169.14,160.73,162.87,164.08,20745103,Predicted
2025-03-28,166.05,166.05,159.78,161.91,156.06,20745103,Predicted
2025-03-31,157.93,157.93,149.48,151.47,156.23,20745103,Predicted
2025-04-02,158.1,158.1,143.16,145.06,207.71,20745103,Predicted
2025-04-03,210.2,210.2,176.78,179.14,172.61,20745103,Predicted
2025-04-04,174.68,174.68,165.61,167.82,147.74,20745103,Predicted
2025-04-06,149.51,152.14,148.7,150.68,169.39,20745103,Predicted
2025-04-08,171.42,171.42,153.13,155.18,195.75,20745103,Predicted
2025-04-09,198.1,198.1,171.67,173.96,232.66,20745103,Predicted
2025-04-11,235.45,235.45,198.24,200.88,278.06,20745103,Predicted
2025-04-14,281.39,281.39,231.43,234.51,161.47,20745103,Predicted
2025-04-15,163.4,194.17,163.4,192.31,158.68,20745103,Predicted
2025-04-16,160.58,161.79,158.13,160.24,155.5,20745103,Predicted
2025-04-17,157.36,161.89,157.36,160.34,153.36,20745103,Predicted
2025-04-21,155.2,155.2,150.0,152.0,149.86,20745103,Predicted
2025-04-22,151.66,151.66,145.95,147.9,153.9,20745103,Predicted
2025-04-23,155.74,155.74,149.08,151.07,157.72,20745103,Predicted
2025-04-24,159.61,159.61,155.54,157.61,161.47,20745103,Predicted
2025-04-25,163.4,163.4,156.95,159.04,163.85,20745103,Predicted
2025-04-28,165.81,165.81,160.37,162.51,162.42,20745103,Predicted
2025-04-29,164.37,164.37,155.17,157.24,162.06,20745103,Predicted
2025-04-30,164.0,164.0,157.51,159.61,160.89,20745103,Predicted
2025-05-02,162.82,162.82,152.22,154.24,193.3,20745103,Predicted
2025-05-03,195.62,195.62,161.06,163.21,174.99,20745103,Predicted
2025-05-05,177.09,177.09,167.06,169.29,166.05,20745103,Predicted
2025-05-06,168.04,168.04,153.77,155.82,169.81,20745103,Predicted
2025-05-08,171.84,171.84,156.57,158.66,195.32,20745103,Predicted
2025-05-09,197.66,197.66,169.72,171.98,235.17,20745103,Predicted
2025-05-11,237.99,237.99,201.65,204.34,284.75,20745103,Predicted
2025-05-13,288.16,288.16,226.5,229.51,160.89,20745103,Predicted
2025-05-14,162.82,189.37,162.82,187.55,166.81,20745103,Predicted
2025-05-15,168.81,176.49,168.81,174.8,165.4,20745103,Predicted
2025-05-16,167.38,175.11,167.38,173.43,167.43,20745103,Predicted
2025-05-19,169.44,169.44,161.28,163.43,167.87,20745103,Predicted
2025-05-20,169.88,169.88,157.2,159.3,165.32,20745103,Predicted
2025-05-21,167.3,167.3,161.25,163.4,170.06,20745103,Predicted
2025-05-22,172.1,172.1,156.84,158.93,171.98,20745103,Predicted
2025-05-23,174.04,174.04,168.01,170.25,169.59,20745103,Predicted
2025-05-27,171.62,173.2,169.29,171.55,173.98,20745103,Predicted
2025-05-28,176.06,176.06,161.2,163.35,173.38,20745103,Predicted
2025-05-29,175.46,175.46,166.35,168.57,172.96,20745103,Predicted
2025-05-30,175.03,175.03,161.5,163.65,172.85,20745103,Predicted
2025-06-01,174.92,174.92,153.08,155.12,197.96,20745103,Predicted
2025-06-02,200.33,200.33,176.86,179.22,193.31,20745103,Predicted
2025-06-03,195.63,195.63,178.79,181.17,174.21,20745103,Predicted
2025-06-05,176.3,176.3,168.46,170.71,165.2,20745103,Predicted
2025-06-06,167.18,167.18,158.12,160.23,174.92,20745103,Predicted
2025-06-08,177.02,177.02,163.94,166.13,196.92,20745103,Predicted
2025-06-10,199.28,199.28,172.9,175.2,251.51,20745103,Predicted
2025-06-11,254.52,254.52,209.05,211.83,285.34,20745103,Predicted
2025-06-13,288.76,288.76,240.72,243.93,175.88,20745103,Predicted
2025-06-16,177.99,200.93,177.99,199.01,177.94,20745103,Predicted
2025-06-17,180.07,181.63,177.53,179.89,177.23,20745103,Predicted
2025-06-18,179.35,179.35,175.16,177.49,173.98,20745103,Predicted
2025-06-20,176.06,176.06,171.37,173.66,167.73,20745103,Predicted
2025-06-23,169.74,169.74,163.6,165.78,166.01,20745103,Predicted
2025-06-24,168.0,168.0,159.23,161.35,167.74,20745103,Predicted
2025-06-25,169.75,169.75,158.75,160.86,171.49,20745103,Predicted
2025-06-26,173.54,173.54,159.69,161.82,174.43,20745103,Predicted
2025-06-27,176.52,176.52,165.89,168.11,178.27,20745103,Predicted
2025-06-30,180.41,180.41,167.36,169.59,177.39,20745103,Predicted
2025-07-01,179.52,179.52,170.47,172.74,196.71,20745103,Predicted
2025-07-02,199.07,199.07,177.29,179.65,187.14,20745103,Predicted
2025-07-03,189.38,189.38,169.74,172.01,175.75,20745103,Predicted
2025-07-04,177.86,177.86,169.57,171.83,149.24,20745103,Predicted
2025-07-05,151.03,155.68,151.03,154.19,152.8,20745103,Predicted
2025-07-07,154.63,154.63,143.69,145.61,177.56,20745103,Predicted
2025-07-08,179.69,179.69,155.01,157.07,197.28,20745103,Predicted
2025-07-10,199.64,199.64,177.72,180.09,247.13,20745103,Predicted
2025-07-11,250.09,250.09,202.06,204.75,279.7,20745103,Predicted
2025-07-14,283.05,283.05,231.44,234.53,182.81,20745103,Predicted
2025-07-15,185.0,209.96,185.0,207.95,183.1,20745103,Predicted
2025-07-16,185.29,186.25,182.04,184.47,183.77,20745103,Predicted
2025-07-17,185.97,189.49,185.21,187.67,184.7,20745103,Predicted
2025-07-18,186.91,186.91,182.0,184.43,185.94,20745103,Predicted
2025-07-21,188.17,188.17,177.76,180.13,191.15,20745103,Predicted
2025-07-22,193.44,193.44,178.69,181.07,192.11,20745103,Predicted
2025-07-23,194.41,194.41,183.72,186.17,191.51,20745103,Predicted
2025-07-24,193.8,193.8,182.89,185.33,193.2,20745103,Predicted
2025-07-25,195.51,195.51,183.54,185.99,194.08,20745103,Predicted
2025-07-28,196.41,196.41,181.78,184.21,193.42,20745103,Predicted
2025-07-29,195.74,195.74,186.06,188.54,196.43,20745103,Predicted
2025-07-30,198.78,198.78,187.58,190.08,197.44,20745103,Predicted
2025-07-31,199.81,199.81,181.11,183.53,192.86,20745103,Predicted
2025-08-01,195.17,195.17,187.75,190.25,195.39,20745103,Predicted
2025-08-04,197.73,197.73,186.42,188.9,146.58,20745103,Predicted
2025-08-05,148.34,158.63,148.34,157.11,155.75,20745103,Predicted
2025-08-07,157.62,157.62,149.55,151.54,175.16,20745103,Predicted
2025-08-08,177.26,177.26,159.41,161.54,202.09,20745103,Predicted
2025-08-09,204.51,204.51,178.2,180.57,234.16,20745103,Predicted
2025-08-10,236.97,236.97,203.31,206.02,245.46,20745103,Predicted
2025-08-13,248.4,248.4,214.38,217.24,203.03,20745103,Predicted
2025-08-14,205.46,205.46,199.47,202.12,203.82,20745103,Predicted
2025-08-15,206.26,206.26,194.88,197.48,204.91,20745103,Predicted
2025-08-18,207.37,207.37,200.92,203.6,204.29,20745103,Predicted
2025-08-19,206.74,206.74,199.13,201.78,202.49,20745103,Predicted
2025-08-20,204.92,204.92,193.63,196.21,200.19,20745103,Predicted
2025-08-21,202.59,202.59,193.24,195.82,200.62,20745103,Predicted
2025-08-22,203.02,203.02,191.42,193.98,206.72,20745103,Predicted
2025-08-25,209.2,209.2,193.02,195.59,209.16,20745103,Predicted
2025-08-26,211.67,211.67,201.31,204.0,207.95,20745103,Predicted
2025-08-27,210.44,210.44,196.84,199.46,208.21,20745103,Predicted
2025-08-28,210.7,210.7,199.87,202.53,212.37,20745103,Predicted
2025-08-29,214.91,214.91,201.26,203.94,213.53,20745103,Predicted
2025-09-04,216.09,216.09,204.55,207.28,161.06,20745103,Predicted
2025-09-05,162.99,183.17,162.99,181.42,154.38,20745103,Predicted
2025-09-06,156.23,162.7,156.23,161.14,177.63,20745103,Predicted
2025-09-07,179.76,179.76,164.03,166.21,177.66,20745103,Predicted
2025-09-09,179.79,179.79,167.86,170.1,239.94,20745103,Predicted
2025-09-10,242.81,242.81,202.41,205.11,242.21,20745103,Predicted
2025-09-15,245.11,245.11,211.99,214.82,251.76,20745103,Predicted
2025-09-16,254.78,254.78,223.79,226.77,251.42,20745103,Predicted
2025-09-17,254.43,254.43,227.87,230.9,249.85,20745103,Predicted
2025-09-18,252.84,252.84,233.78,236.9,252.33,20745103,Predicted
2025-09-19,255.35,255.35,234.76,237.89,255.24,20745103,Predicted
2025-09-22,258.3,258.3,239.28,242.47,252.88,20745103,Predicted
2025-09-23,255.91,255.91,241.52,244.74,252.34,20745103,Predicted
2025-09-24,255.36,255.36,234.37,237.49,247.83,20745103,Predicted
2025-09-25,250.8,250.8,238.38,241.56,246.57,20745103,Predicted
2025-09-26,249.52,249.52,235.15,238.28,247.18,20745103,Predicted
2025-09-29,250.14,250.14,228.25,231.3,244.36,20745103,Predicted
2025-09-30,247.29,247.29,231.73,234.82,243.55,20745103,Predicted
2025-10-01,246.47,246.47,227.66,230.69,193.17,20745103,Predicted
2025-10-02,195.48,204.16,195.48,202.2,188.2,20745103,Predicted
2025-10-03,190.45,191.94,187.6,190.1,167.81,20745103,Predicted
2025-10-04,169.82,175.49,169.82,173.81,155.37,20745103,Predicted
2025-10-06,157.23,157.44,153.88,155.93,180.01,20745103,Predicted
2025-10-07,182.17,182.17,158.23,160.34,178.7,20745103,Predicted
2025-10-09,180.84,180.84,164.25,166.44,239.56,20745103,Predicted
2025-10-10,242.43,242.43,198.51,201.16,237.49,20745103,Predicted
2025-10-11,240.34,240.34,207.17,209.93,290.59,20745103,Predicted
2025-10-13,294.07,294.07,240.6,243.81,244.64,20745103,Predicted
2025-10-14,247.57,247.57,225.66,228.67,246.19,20745103,Predicted
2025-10-15,249.14,249.14,225.26,228.26,251.71,20745103,Predicted
2025-10-16,254.73,254.73,225.29,228.29,251.88,20745103,Predicted
2025-10-17,254.9,254.9,224.98,227.98,253.79,20745103,Predicted
2025-10-20,256.83,256.83,233.95,237.07,257.02,20745103,Predicted
2025-10-21,260.1,260.1,231.59,234.68,251.34,20745103,Predicted
2025-10-22,254.35,254.35,235.98,239.13,252.53,20745103,Predicted
2025-10-23,255.56,255.56,234.42,237.54,253.73,20745103,Predicted
2025-10-24,256.77,256.77,235.42,238.56,260.51,20745103,Predicted
2025-10-27,263.63,263.63,244.73,248.0,269.93,20745103,Predicted
2025-10-28,273.16,273.16,251.09,254.44,268.43,20745103,Predicted
2025-10-29,271.65,271.65,261.83,265.32,275.17,20745103,Predicted
2025-10-30,278.47,278.47,260.42,263.89,281.9,20745103,Predicted
2025-10-31,285.28,285.28,266.24,269.79,281.82,20745103,Predicted
2025-11-02,285.2,285.2,260.71,264.18,187.07,20745103,Predicted
2025-11-03,189.31,216.12,189.31,214.05,165.98,20745103,Predicted
2025-11-04,167.97,169.26,165.44,167.64,159.4,20745103,Predicted
2025-11-06,161.31,161.31,146.62,148.57,178.79,20745103,Predicted
2025-11-07,180.93,180.93,151.34,153.36,181.31,20745103,Predicted
2025-11-08,183.48,183.48,159.46,161.59,201.63,20745103,Predicted
2025-11-09,204.05,204.05,169.22,171.47,240.78,20745103,Predicted
2025-11-11,243.66,243.66,193.57,196.15,291.74,20745103,Predicted
2025-11-13,295.24,295.24,235.05,238.18,279.12,20745103,Predicted
2025-11-14,282.46,282.46,249.33,252.66,276.98,20745103,Predicted
2025-12-02,280.3,280.3,250.9,254.24,185.43,20745103,Predicted
2025-12-03,187.65,210.29,187.65,208.28,169.0,20745103,Predicted
2025-12-05,171.02,171.02,166.27,168.49,159.58,20745103,Predicted
2025-12-06,161.49,161.49,141.3,143.19,176.97,20745103,Predicted
2025-12-08,179.09,179.09,151.85,153.87,204.16,20745103,Predicted
2025-12-09,206.61,206.61,176.84,179.2,241.38,20745103,Predicted
2025-12-11,244.27,244.27,206.21,208.96,287.43,20745103,Predicted
2025-12-12,290.87,290.87,238.88,242.06,,20745103,Future
